tool	CPAchecker 1.4-svn 2f29b60+	CPAchecker 1.4-svn 2f29b60+	CPAchecker 1.4-svn 2f29b60+	CPAchecker 1.4-svn 2f29b60+	CPAchecker 1.4-svn 2f29b60+	CPAchecker 1.4-svn 2f29b60+	CPAchecker 1.4-svn 2f29b60+	CPAchecker 1.4-svn 2f29b60+	CPAchecker 1.4-svn 2f29b60+	CPAchecker 1.4-svn 2f29b60+	CPAchecker 1.4-svn 2f29b60+	CPAchecker 1.4-svn 2f29b60+	CPAchecker 1.4-svn 2f29b60+	CPAchecker 1.4-svn 2f29b60+	CPAchecker 1.4-svn 2f29b60+	CPAchecker 1.4-svn 2f29b60+	CPAchecker 1.4-svn 2f29b60+	CPAchecker 1.4-svn 2f29b60+	CPAchecker 1.4-svn 2f29b60+	CPAchecker 1.4-svn 2f29b60+	CPAchecker 1.4-svn 2f29b60+	CPAchecker 1.4-svn 2f29b60+	CPAchecker 1.4-svn 2f29b60+	CPAchecker 1.4-svn 2f29b60+	CPAchecker 1.4-svn 2f29b60+	CPAchecker 1.4-svn 2f29b60+	CPAchecker 1.4-svn 2f29b60+	CPAchecker 1.4-svn 2f29b60+	CPAchecker 1.4-svn 2f29b60+	CPAchecker 1.4-svn 2f29b60+	CPAchecker 1.4-svn 2f29b60+	CPAchecker 1.4-svn 2f29b60+
run set	Dy-ABlkDFSCSRPO-ABEl	Dy-ABlkDFSCSRPO-ABEl	Dy-ABlkDFSCSRPO-ABEl	Dy-ABlkDFSCSRPO-ABEl	Dy-ABlkDFSCSRPO-ABEl-FC	Dy-ABlkDFSCSRPO-ABEl-FC	Dy-ABlkDFSCSRPO-ABEl-FC	Dy-ABlkDFSCSRPO-ABEl-FC	Dy-ABlkDFSCSRPO-ABEl-FCm	Dy-ABlkDFSCSRPO-ABEl-FCm	Dy-ABlkDFSCSRPO-ABEl-FCm	Dy-ABlkDFSCSRPO-ABEl-FCm	Dy-ABlkDFSCSRPO-lf	Dy-ABlkDFSCSRPO-lf	Dy-ABlkDFSCSRPO-lf	Dy-ABlkDFSCSRPO-lf	Dy-ABlkDFSCSRPO-lf-FC	Dy-ABlkDFSCSRPO-lf-FC	Dy-ABlkDFSCSRPO-lf-FC	Dy-ABlkDFSCSRPO-lf-FC	Dy-ABlkDFSCSRPO-lf-FCm	Dy-ABlkDFSCSRPO-lf-FCm	Dy-ABlkDFSCSRPO-lf-FCm	Dy-ABlkDFSCSRPO-lf-FCm	Dy-ABlkDFSCSRPO-PredAbs-ABEl	Dy-ABlkDFSCSRPO-PredAbs-ABEl	Dy-ABlkDFSCSRPO-PredAbs-ABEl	Dy-ABlkDFSCSRPO-PredAbs-ABEl	Dy-ABlkDFSCSRPO-PredAbs-ABElf	Dy-ABlkDFSCSRPO-PredAbs-ABElf	Dy-ABlkDFSCSRPO-PredAbs-ABElf	Dy-ABlkDFSCSRPO-PredAbs-ABElf
sv-comp/	status	cputime (s)	walltime (s)	memUsage	status	cputime (s)	walltime (s)	memUsage	status	cputime (s)	walltime (s)	memUsage	status	cputime (s)	walltime (s)	memUsage	status	cputime (s)	walltime (s)	memUsage	status	cputime (s)	walltime (s)	memUsage	status	cputime (s)	walltime (s)	memUsage	status	cputime (s)	walltime (s)	memUsage
ntdrivers/parport_false-unreach-call.i.cil.c	ERROR (recursion)	6.602000934	6.621454364154488	207491072	ERROR (recursion)	6.405189462	6.418032265035436	203128832	ERROR (recursion)	6.618939844	6.634079903829843	216256512	false(reach)	7.346816007	7.3681856649927795	236351488	false(reach)	6.636393662	6.659092272864655	212492288	false(reach)	7.108026338	7.130534410011023	223174656	ERROR (recursion)	6.943740635	6.968161765020341	221024256	false(reach)	7.509069289	7.532952064881101	247054336
ssh/s3_clnt.blast.03_true-unreach-call.i.cil.c	true	121.224693681	121.25689703901298	2629177344	true	176.850406032	176.8831276979763	2625642496	true	182.520741919	182.5471251460258	2634035200	TIMEOUT	900.996256252	901.0612071980722	2834128896	true	146.082946216	146.12044283095747	2637623296	true	144.796296997	144.81546123884618	2621652992	true	24.717769014	24.743793579982594	556711936	true	25.583680408	25.602273544995114	548659200
ssh/s3_clnt.blast.04_true-unreach-call.i.cil.c	true	66.857665435	66.88209676602855	1842724864	true	123.021358262	123.04448633082211	2600751104	TIMEOUT	900.976494032	901.0351749989204	2698887168	true	377.838953445	377.87939349003136	2711457792	true	146.516452405	146.5619998120237	2623475712	true	182.357110629	182.38215870806016	2644480000	true	34.692077243	34.717047753045335	837885952	true	19.4844088	19.50343410600908	550236160
ssh/s3_srvr.blast.01_true-unreach-call.i.cil.c	TIMEOUT	900.963336601	901.0198073820211	2845048832	TIMEOUT	901.007098555	901.0609209570102	2696290304	TIMEOUT	901.865205549	901.9167559600901	2780647424	TIMEOUT	907.434301265	907.5083123720251	2842611712	TIMEOUT	901.020948321	901.0854507950135	2715729920	TIMEOUT	901.257076198	901.3293096139096	2776784896	true	56.381736354	56.403282939922065	1376616448	true	81.306724101	81.32544038491324	1645281280
ssh/s3_srvr.blast.02_true-unreach-call.i.cil.c	TIMEOUT	901.009969598	901.0779528669082	2830282752	TIMEOUT	901.008403584	901.076012250036	2753445888	TIMEOUT	901.009192417	901.0833018820267	2798477312	TIMEOUT	901.011758406	901.0916603968944	2768560128	TIMEOUT	901.014397328	901.0917111700401	2690560000	TIMEOUT	900.995874276	901.0807548779994	2768797696	true	48.101317513	48.12662975001149	944103424	true	23.345117562	23.368335410952568	659136512
ssh/s3_srvr.blast.06_true-unreach-call.i.cil.c	TIMEOUT	900.983964688	901.0513512049802	2753982464	TIMEOUT	900.950193706	901.0454569659196	2788802560	TIMEOUT	900.99050072	901.0649503909517	2792771584	TIMEOUT	903.381611505	903.4543162279297	2927292416	TIMEOUT	901.027537659	901.0792987858877	2663288832	TIMEOUT	901.004357688	901.0641384208575	2662285312	true	493.949727215	493.9990085680038	2872565760	true	244.781908232	244.826585970819	2696564736
ssh/s3_srvr.blast.07_true-unreach-call.i.cil.c	TIMEOUT	901.021144218	901.0977022110019	2709016576	TIMEOUT	900.995446151	901.0948533900082	2753904640	TIMEOUT	900.995398439	901.0633635709528	2798854144	TIMEOUT	901.586681154	901.6485274999868	2872557568	TIMEOUT	902.557357479	902.6158826739993	2750918656	TIMEOUT	901.014949789	901.0817626467906	2768412672	true	54.786657454	54.81821202603169	801501184	true	98.180720339	98.21012728498317	1593229312
ssh/s3_srvr.blast.08_true-unreach-call.i.cil.c	TIMEOUT	900.973811053	901.056243068073	2836381696	TIMEOUT	901.965836202	902.0312729459256	2762829824	TIMEOUT	901.008644682	901.065359884873	2743455744	TIMEOUT	902.207472711	902.2551138249692	2851356672	TIMEOUT	901.208786031	901.2750442079268	2744901632	TIMEOUT	901.14829289	901.2192849100102	2751586304	true	66.087324398	66.10600189305842	1408417792	true	332.526966675	332.561854591826	2835820544
ssh/s3_srvr.blast.09_true-unreach-call.i.cil.c	TIMEOUT	901.010617094	901.0807503000833	2917773312	TIMEOUT	901.010157696	901.066276634112	2653724672	TIMEOUT	900.990999246	901.0576954288408	2838319104	TIMEOUT	901.031758284	901.1063614808954	2838716416	TIMEOUT	901.003376244	901.0759855071083	2849751040	TIMEOUT	901.230108975	901.302069846075	2792030208	TIMEOUT	901.010688675	901.0741586030927	2427224064	true	71.012851734	71.04680308699608	1482878976
ssh/s3_srvr.blast.10_true-unreach-call.i.cil.c	TIMEOUT	906.097984671	906.1746025979519	2894880768	TIMEOUT	900.998826214	901.0591487300117	2701410304	TIMEOUT	902.648879785	902.7143790719565	2761949184	TIMEOUT	901.983827708	902.0676834159531	2809491456	TIMEOUT	901.010095672	901.0765434431378	2722824192	TIMEOUT	900.983853903	901.0614459898788	2783723520	true	21.000252881	21.029186487896368	565571584	true	23.378796396	23.406928582815453	731152384
ssh/s3_srvr.blast.11_true-unreach-call.i.cil.c	TIMEOUT	901.003721244	901.0760943822097	2868740096	TIMEOUT	900.953047886	901.022827105131	2834685952	TIMEOUT	901.017978581	901.090916529065	2792681472	TIMEOUT	901.018213757	901.0896708120126	2790031360	TIMEOUT	901.885606854	901.9675712820608	2769989632	TIMEOUT	901.124177776	901.2079119840637	2761674752	true	69.695919021	69.72433450818062	1031176192	true	163.169832751	163.1912095961161	1655304192
ssh/s3_srvr.blast.12_true-unreach-call.i.cil.c	TIMEOUT	901.011162696	901.078840900911	2782158848	TIMEOUT	900.972821931	901.0401514230762	2785841152	TIMEOUT	901.55758463	901.6212408680003	2779013120	TIMEOUT	903.072487861	903.1419332260266	2878599168	TIMEOUT	904.875794927	904.941217939835	2776719360	TIMEOUT	900.997290588	901.0583820431493	2795986944	true	196.610621946	196.64923463016748	2513317888	true	91.432457776	91.45552525995299	2182164480
ssh/s3_srvr.blast.13_true-unreach-call.i.cil.c	TIMEOUT	900.995425831	901.0673565219622	2693242880	TIMEOUT	900.980390257	901.0325720261317	2813284352	TIMEOUT	900.979906644	901.0543877480086	2756108288	TIMEOUT	901.549649535	901.604982211953	2811113472	TIMEOUT	900.998976102	901.0655853389762	2764394496	TIMEOUT	900.999418721	901.0788853031117	2783109120	true	29.633474186	29.67199475504458	488407040	true	44.863305029	44.89611836196855	672747520
ssh/s3_srvr.blast.14_true-unreach-call.i.cil.c	TIMEOUT	903.119690158	903.1942697099876	2887860224	TIMEOUT	901.02346401	901.0730074390303	2769305600	TIMEOUT	901.009880544	901.0823791350704	2798714880	TIMEOUT	901.513424227	901.5835602357984	2859352064	TIMEOUT	901.012126111	901.0819617309608	2733551616	TIMEOUT	901.005587276	901.0700287839863	2654740480	true	295.135353518	295.18722976814024	2815250432	true	144.718938198	144.74865376995876	2680451072
ssh/s3_srvr.blast.15_true-unreach-call.i.cil.c	TIMEOUT	901.020278526	901.0751232830808	2670108672	TIMEOUT	900.989779843	901.06310875481	2738987008	TIMEOUT	900.995902318	901.0604443359189	2769149952	TIMEOUT	901.057568981	901.1212539030239	2846228480	TIMEOUT	903.509441755	903.5708492819685	2761330688	TIMEOUT	901.357892539	901.4107241230085	2768519168	true	206.411414062	206.44687090395018	2726391808	true	87.132838031	87.16751768393442	2173722624
ssh/s3_srvr.blast.16_true-unreach-call.i.cil.c	TIMEOUT	901.004981204	901.0825616659131	2773700608	TIMEOUT	900.965361899	901.0367988378275	2788810752	TIMEOUT	900.957200286	901.0232296469621	2662629376	TIMEOUT	901.00082475	901.0831324208993	2672222208	TIMEOUT	901.003483845	901.075224700151	2727780352	TIMEOUT	901.000224744	901.0589242479764	2603053056	true	243.321682036	243.37347055901773	2738888704	TIMEOUT	900.99935062	901.076750254957	3015548928
