tool	CPAchecker 1.4-svn 3b3a4f4+	CPAchecker 1.4-svn 3b3a4f4+	CPAchecker 1.4-svn 3b3a4f4+	CPAchecker 1.4-svn 3b3a4f4+	CPAchecker 1.4-svn 3b3a4f4+	CPAchecker 1.4-svn 3b3a4f4+	CPAchecker 1.4-svn 3b3a4f4+	CPAchecker 1.4-svn 3b3a4f4+	CPAchecker 1.4-svn 3b3a4f4+	CPAchecker 1.4-svn 3b3a4f4+	CPAchecker 1.4-svn 3b3a4f4+	CPAchecker 1.4-svn 3b3a4f4+	CPAchecker 1.4-svn 3b3a4f4+	CPAchecker 1.4-svn 3b3a4f4+	CPAchecker 1.4-svn 3b3a4f4+	CPAchecker 1.4-svn 3b3a4f4+	CPAchecker 1.4-svn 3b3a4f4+	CPAchecker 1.4-svn 3b3a4f4+	CPAchecker 1.4-svn 3b3a4f4+	CPAchecker 1.4-svn 3b3a4f4+	CPAchecker 1.4-svn 3b3a4f4+	CPAchecker 1.4-svn 3b3a4f4+	CPAchecker 1.4-svn 3b3a4f4+	CPAchecker 1.4-svn 3b3a4f4+	CPAchecker 1.4-svn 3b3a4f4+	CPAchecker 1.4-svn 3b3a4f4+	CPAchecker 1.4-svn 3b3a4f4+	CPAchecker 1.4-svn 3b3a4f4+	CPAchecker 1.4-svn 3b3a4f4+	CPAchecker 1.4-svn 3b3a4f4+	CPAchecker 1.4-svn 3b3a4f4+	CPAchecker 1.4-svn 3b3a4f4+
run set	Dy-ABlkCSRPO-ABEl-FC	Dy-ABlkCSRPO-ABEl-FC	Dy-ABlkCSRPO-ABEl-FC	Dy-ABlkCSRPO-ABEl-FC	Dy-ABlkCSRPO-ABEl-FCm	Dy-ABlkCSRPO-ABEl-FCm	Dy-ABlkCSRPO-ABEl-FCm	Dy-ABlkCSRPO-ABEl-FCm	Dy-ABlkCSRPO-ABEl	Dy-ABlkCSRPO-ABEl	Dy-ABlkCSRPO-ABEl	Dy-ABlkCSRPO-ABEl	Dy-ABlkCSRPO-PredAbs-ABEl	Dy-ABlkCSRPO-PredAbs-ABEl	Dy-ABlkCSRPO-PredAbs-ABEl	Dy-ABlkCSRPO-PredAbs-ABEl	Dy-ABlkCSRPO-PredAbs-ABElf	Dy-ABlkCSRPO-PredAbs-ABElf	Dy-ABlkCSRPO-PredAbs-ABElf	Dy-ABlkCSRPO-PredAbs-ABElf	Dy-ABlkCSRPO-lf-FC	Dy-ABlkCSRPO-lf-FC	Dy-ABlkCSRPO-lf-FC	Dy-ABlkCSRPO-lf-FC	Dy-ABlkCSRPO-lf-FCm	Dy-ABlkCSRPO-lf-FCm	Dy-ABlkCSRPO-lf-FCm	Dy-ABlkCSRPO-lf-FCm	Dy-ABlkCSRPO-lf	Dy-ABlkCSRPO-lf	Dy-ABlkCSRPO-lf	Dy-ABlkCSRPO-lf
sv-comp/	status	cputime (s)	walltime (s)	memUsage	status	cputime (s)	walltime (s)	memUsage	status	cputime (s)	walltime (s)	memUsage	status	cputime (s)	walltime (s)	memUsage	status	cputime (s)	walltime (s)	memUsage	status	cputime (s)	walltime (s)	memUsage	status	cputime (s)	walltime (s)	memUsage	status	cputime (s)	walltime (s)	memUsage
ntdrivers/cdaudio_false-unreach-call.i.cil.c	TIMEOUT	900.971720518	901.0524013089016	2706837504	TIMEOUT	904.353948962	904.4369408208877	2721046528	TIMEOUT	900.919165164	900.988724780269	2727084032	TIMEOUT	901.351029968	901.4483329597861	3182583808	TIMEOUT	900.996805645	901.0741879940033	2989666304	TIMEOUT	900.972885326	901.053140857257	2715529216	TIMEOUT	901.46070841	901.5409760070033	2709659648	TIMEOUT	901.353658995	901.4324580668472	2780377088
ntdrivers/diskperf_false-unreach-call.i.cil.c	false(reach)	11.101283832	11.125625315122306	334794752	false(reach)	11.364970166	11.387486258987337	306688000	false(reach)	11.235907172	11.262259296141565	301940736	false(reach)	11.461898164	11.48548758495599	328495104	false(reach)	23.823992104	23.856149876955897	572260352	false(reach)	20.854550695	20.88630689540878	498978816	false(reach)	25.285548077	25.310487687587738	583430144	false(reach)	59.42841812	59.45993329025805	1451220992
ntdrivers/floppy_false-unreach-call.i.cil.c	false(reach)	30.319282153	30.349490066058934	663678976	false(reach)	31.032862591	31.052510727196932	909275136	false(reach)	30.514456182	30.537215430289507	660148224	false(reach)	30.842430724	30.873348454013467	671719424	false(reach)	36.397143773	36.425905774813145	900747264	false(reach)	26.00291047	26.033810833003372	889724928	false(reach)	25.34727292	25.376765685155988	875155456	false(reach)	52.300336904	52.3303526150994	1348947968
ntdrivers/kbfiltr_false-unreach-call.i.cil.c	false(reach)	7.018568592	7.03712330525741	284397568	false(reach)	6.977932659	7.008650294970721	288907264	false(reach)	6.931741251	6.954137513879687	263483392	false(reach)	7.082108645	7.100564615800977	279945216	false(reach)	10.899458059	10.929696019738913	381509632	false(reach)	7.556363282	7.580086349043995	267128832	false(reach)	7.70519975	7.724370703101158	265535488	false(reach)	7.628560837	7.660983530338854	270565376
ntdrivers/parport_false-unreach-call.i.cil.c	ERROR (recursion)	6.52069445	6.547671013977379	210591744	ERROR (recursion)	6.423034193	6.437837621662766	199999488	ERROR (recursion)	6.519214428	6.5437083430588245	199688192	ERROR (recursion)	6.752559737	6.7807433269917965	229494784	ERROR (recursion)	6.901756347	6.9238103702664375	216461312	ERROR (recursion)	7.083664389	7.11201686412096	205570048	ERROR (recursion)	7.376295744	7.398789388127625	213237760	ERROR (recursion)	6.735938123	6.755856114905328	200036352
ntdrivers/cdaudio_true-unreach-call.i.cil.c	true	23.484996785	23.50904811685905	543895552	true	23.593843724	23.616628800984472	555356160	true	23.526652377	23.550023450981826	571756544	true	21.612977661	21.64175491873175	481566720	true	59.684874163	59.71108262613416	1350443008	true	18.689853913	18.716545137111098	479567872	true	18.74500713	18.7776716677472	443564032	true	29.561583436	29.578321729321033	853487616
ntdrivers/diskperf_true-unreach-call.i.cil.c	true	9.900949546	9.923852670937777	282996736	true	9.475164374	9.500130246859044	285990912	true	9.778468331	9.800997250247747	303284224	true	9.80673398	9.827842584811151	299028480	true	33.409054861	33.42536412226036	754409472	true	21.64523457	21.66934183239937	483917824	true	28.056372941	28.077204131986946	633192448	true	70.329570932	70.3549365978688	1665880064
ntdrivers/floppy2_true-unreach-call.i.cil.c	true	100.921481178	100.94939632993191	2643828736	true	100.443902577	100.47720572073013	2653020160	true	250.309013045	250.33928812295198	2752847872	true	50.282207678	50.31199235608801	1144205312	true	94.322898502	94.35298397717997	2132672512	true	36.698669759	36.71385563770309	706117632	true	42.705936837	42.74198487820104	778010624	true	543.98018597	544.0329416780733	2790285312
ntdrivers/floppy_true-unreach-call.i.cil.c	true	153.910837359	153.94114578608423	2674647040	true	149.114898276	149.14880685601383	2661695488	true	203.750736147	203.77155248075724	2690854912	true	89.951688686	89.97489289101213	1665568768	true	66.562269756	66.5788818509318	1975029760	true	30.945370351	30.973945560865104	1063567360	true	32.368913183	32.39400762412697	907890688	true	99.453208623	99.47671115258709	2624466944
ntdrivers/parport_true-unreach-call.i.cil.c	ERROR (recursion)	6.69760754	6.720190952997655	213049344	ERROR (recursion)	6.576476808	6.607517005875707	217202688	ERROR (recursion)	6.479599458	6.494199350941926	205672448	ERROR (recursion)	6.411589326	6.431874067988247	210296832	ERROR (recursion)	6.73913141	6.753358470741659	217346048	ERROR (recursion)	6.660719776	6.683686569798738	201744384	ERROR (recursion)	7.204442047	7.2230692980811	212066304	ERROR (recursion)	6.677658788	6.697267590090632	204279808
ssh/s3_clnt.blast.01_false-unreach-call.i.cil.c	false(reach)	12.040489274	12.059567615855485	355434496	false(reach)	12.504872497	12.524931702762842	371326976	false(reach)	10.141270668	10.164999608881772	348442624	false(reach)	12.300540984	12.332613673992455	367427584	false(reach)	13.006126879	13.028435703366995	390090752	false(reach)	12.491474045	12.516644713003188	394817536	false(reach)	12.026466464	12.053003633394837	381255680	false(reach)	9.926889972	9.954864553641528	350699520
ssh/s3_clnt.blast.02_false-unreach-call.i.cil.c	false(reach)	10.156308565	10.188511189073324	356597760	false(reach)	9.524604773	9.557032131124288	342134784	false(reach)	9.052337599	9.084894125815481	295784448	false(reach)	9.536147518	9.572024133987725	292859904	false(reach)	9.584613218	9.608499475289136	298577920	false(reach)	10.156081947	10.176649062894285	353632256	false(reach)	10.115953111	10.15248314337805	362098688	false(reach)	8.529407254	8.564492176752537	282890240
ssh/s3_clnt.blast.03_false-unreach-call.i.cil.c	false(reach)	10.013104578	10.04077650187537	350605312	false(reach)	9.875395593	9.89008580101654	361218048	false(reach)	8.623003624	8.644256342202425	278368256	false(reach)	9.290479554	9.318183755036443	297693184	false(reach)	9.593054694	9.612343922723085	303812608	false(reach)	9.895371396	9.916393144987524	365903872	false(reach)	10.045008569	10.076870358083397	354291712	false(reach)	9.064573266	9.088951349724084	290820096
ssh/s3_clnt.blast.04_false-unreach-call.i.cil.c	false(reach)	10.158155493	10.177256575785577	356716544	false(reach)	10.343646693	10.376452587079257	374464512	false(reach)	8.784466532	8.812639678362757	291094528	false(reach)	9.981215552	10.00097260903567	300912640	false(reach)	9.880032761	9.91232281178236	287055872	false(reach)	10.486884527	10.539192103780806	374456320	false(reach)	10.625892681	10.649497453588992	389586944	false(reach)	8.415670433	8.439119290094823	282902528
ssh/s3_srvr.blast.01_false-unreach-call.i.cil.c	false(reach)	7.520426107	7.544058105908334	273887232	false(reach)	7.662008912	7.68506777100265	244719616	false(reach)	6.769511631	6.805630796588957	270770176	false(reach)	7.700870233	7.7286314042285085	271937536	false(reach)	7.546532228	7.582224841229618	273293312	false(reach)	7.64111306	7.668552222661674	276930560	false(reach)	7.732465196	7.756424440070987	279183360	false(reach)	6.98203048	7.004593163728714	280059904
ssh/s3_srvr.blast.02_false-unreach-call.i.cil.c	false(reach)	7.312191892	7.348413359373808	277815296	false(reach)	7.252382436	7.280458410736173	275726336	false(reach)	6.614333777	6.640493021346629	271474688	false(reach)	7.173189056	7.2010317873209715	296308736	false(reach)	6.908470021	6.939846066758037	272658432	false(reach)	7.469833472	7.4961732481606305	269500416	false(reach)	7.439866984	7.458413491025567	283598848	false(reach)	6.945338926	6.972276125103235	270757888
ssh/s3_srvr.blast.03_false-unreach-call.i.cil.c	false(reach)	7.381304717	7.415741195902228	274620416	false(reach)	7.15495973	7.204877246171236	223346688	false(reach)	6.790864569	6.805853798985481	279035904	false(reach)	7.126148202	7.1547741196118295	290017280	false(reach)	7.247768194	7.277398329693824	276897792	false(reach)	7.414822481	7.437767399009317	264343552	false(reach)	7.381508759	7.413112023845315	279818240	false(reach)	6.832584378	6.856081735808402	260083712
ssh/s3_srvr.blast.04_false-unreach-call.i.cil.c	false(reach)	7.336824558	7.36355940811336	268738560	false(reach)	7.181733513	7.208468060940504	274362368	false(reach)	6.839890193	6.855274103116244	269361152	false(reach)	7.190277347	7.208490479271859	288870400	false(reach)	7.342991186	7.361000360921025	281751552	false(reach)	7.420769208	7.44523088587448	256704512	false(reach)	7.4086537	7.432032517157495	220295168	false(reach)	6.722424039	6.747226792853326	263806976
ssh/s3_srvr.blast.06_false-unreach-call.i.cil.c	false(reach)	14.938043919	14.962043290957808	454844416	false(reach)	15.719011372	15.741537113208324	447905792	false(reach)	11.603872033	11.633000620175153	353976320	false(reach)	12.167516076	12.19627044396475	346058752	false(reach)	11.951588479	11.968323002103716	360214528	false(reach)	14.962165476	14.993527092039585	502669312	false(reach)	14.874911411	14.90640937583521	528707584	false(reach)	11.339313106	11.355073082726449	357253120
ssh/s3_srvr.blast.07_false-unreach-call.i.cil.c	false(reach)	12.466442353	12.49867921601981	390250496	false(reach)	12.020741875	12.045444326009601	401317888	false(reach)	10.192788231	10.221174594946206	380948480	false(reach)	11.749265815	11.779194675851613	363601920	false(reach)	13.288860622	13.317330317106098	367812608	false(reach)	12.768403902	12.791185881011188	331153408	false(reach)	12.177740702	12.203391950111836	416944128	false(reach)	10.495854846	10.529233405832201	367431680
ssh/s3_srvr.blast.08_false-unreach-call.i.cil.c	false(reach)	51.743363161	51.77790263295174	1248722944	false(reach)	50.144955546	50.178693886846304	1203572736	false(reach)	33.63658294	33.65177491819486	1213714432	false(reach)	23.719226793	23.746681801974773	554278912	false(reach)	31.77862488	31.80469633406028	831565824	false(reach)	63.958537486	63.9834148902446	1391587328	false(reach)	58.572452992	58.60156397894025	1025560576	false(reach)	33.370947281	33.39877034910023	1232859136
ssh/s3_srvr.blast.09_false-unreach-call.i.cil.c	false(reach)	13.093249956	13.128000766038895	328732672	false(reach)	11.982699257	12.005605990067124	368037888	false(reach)	10.209694166	10.23506341734901	300253184	false(reach)	11.551785583	11.576825917698443	358010880	false(reach)	12.033390917	12.06461628107354	330059776	false(reach)	13.272796692	13.295563833788037	397803520	false(reach)	13.173732029	13.194795477669686	380104704	false(reach)	10.825416527	10.846585202030838	369369088
ssh/s3_srvr.blast.10_false-unreach-call.i.cil.c	false(reach)	52.533736508	52.56223237514496	1277206528	false(reach)	53.63367622	53.66276999376714	1419689984	false(reach)	35.912779763	35.93499026214704	1371471872	false(reach)	25.586526512	25.613946761004627	556056576	false(reach)	31.949959607	31.973839782178402	1012400128	false(reach)	57.940079045	57.96647245809436	1251414016	false(reach)	49.961640506	49.99097466468811	1230123008	false(reach)	38.015234793	38.042829737998545	1272496128
ssh/s3_srvr.blast.11_false-unreach-call.i.cil.c	false(reach)	9.218865007	9.242697553243488	286535680	false(reach)	9.163300907	9.182918748818338	280064000	false(reach)	8.325103331	8.353002503979951	297431040	false(reach)	9.334199621	9.376387649215758	296763392	false(reach)	9.059529369	9.079915553331375	297664512	false(reach)	9.304482124	9.330488985870034	286887936	false(reach)	9.389204061	9.415691921953112	288948224	false(reach)	8.427962801	8.456269760616124	276197376
ssh/s3_srvr.blast.12_false-unreach-call.i.cil.c	false(reach)	15.057390434	15.089469308033586	446816256	false(reach)	15.008678482	15.041265279054642	443383808	false(reach)	11.205998975	11.240656493231654	355975168	false(reach)	12.559156261	12.582180277910084	355672064	false(reach)	9.835114518	9.864779841620475	288567296	false(reach)	14.968257388	14.99097298271954	558915584	false(reach)	14.329114203	14.357023999094963	474501120	false(reach)	12.272833247	12.290085569955409	378056704
ssh/s3_srvr.blast.13_false-unreach-call.i.cil.c	false(reach)	12.575617506	12.600919984281063	364081152	false(reach)	12.811777994	12.841147025115788	397099008	false(reach)	10.042558525	10.075051459018141	290783232	false(reach)	11.629421328	11.661291582044214	367169536	false(reach)	11.945580148	11.985675525385886	356679680	false(reach)	12.95278402	12.987526623997837	396644352	false(reach)	13.222921475	13.241580198984593	359981056	false(reach)	10.760609053	10.777315150015056	365146112
ssh/s3_srvr.blast.14_false-unreach-call.i.cil.c	false(reach)	14.620740607	14.645506972912699	458309632	false(reach)	13.867587178	13.8949127770029	449474560	false(reach)	10.806014317	10.836359572596848	366903296	false(reach)	11.405702841	11.438333078753203	329486336	false(reach)	11.66249721	11.693325322121382	349327360	false(reach)	15.957763886	15.977465965319425	543375360	false(reach)	16.139384518	16.161546716932207	467316736	false(reach)	11.970859189	11.989602068904787	493719552
ssh/s3_srvr.blast.15_false-unreach-call.i.cil.c	false(reach)	50.391617326	50.41878719069064	1224839168	false(reach)	56.069972221	56.1027938099578	1378955264	false(reach)	33.549028563	33.57071454497054	1099976704	false(reach)	22.657748518	22.681057738605887	537989120	false(reach)	27.390856899	27.42159235337749	636268544	false(reach)	62.944295469	62.97077443310991	1536745472	false(reach)	55.068829755	55.099128380883485	1394298880	false(reach)	33.778622502	33.80328271724284	1239539712
ssh/s3_srvr.blast.16_false-unreach-call.i.cil.c	false(reach)	15.294494243	15.326794289983809	421388288	false(reach)	16.277222488	16.30676556704566	404643840	false(reach)	11.799378939	11.81414980487898	446803968	false(reach)	11.590336107	11.623988221865147	370339840	false(reach)	12.25415203	12.28483685106039	378527744	false(reach)	14.931551439	14.950827356427908	478097408	false(reach)	16.061070272	16.079081648029387	478093312	false(reach)	11.680835538	11.708886210806668	411496448
ssh/s3_clnt.blast.01_true-unreach-call.i.cil.c	true	111.654668345	111.6926204469055	1977556992	true	189.266744182	189.3088983837515	2624622592	true	119.932945119	119.96652317186818	2635599872	true	61.374045847	61.40836424380541	1632587776	true	104.42012206	104.44841151125729	1478356992	true	186.175105848	186.19642976298928	2625773568	true	191.988203804	192.024592414964	2614542336	true	127.297235249	127.32574053900316	2634919936
ssh/s3_clnt.blast.02_true-unreach-call.i.cil.c	true	74.128184509	74.14950791513547	1636487168	true	92.307040633	92.34083080617711	1849442304	true	113.597210851	113.62181892804801	2622377984	true	36.974178347	37.0118732820265	846761984	true	83.502343326	83.53498523216695	2378985472	true	130.571546104	130.59637895738706	2389049344	true	115.101012152	115.1379217999056	2365292544	true	134.281853022	134.31555126607418	2651779072
ssh/s3_clnt.blast.03_true-unreach-call.i.cil.c	true	179.051291471	179.08345027687028	2614845440	true	188.585711686	188.61520459502935	2651037696	true	121.030056336	121.05508920457214	2622181376	true	24.935267055	24.965640711132437	547045376	true	24.292497876	24.314798060804605	572186624	true	145.608705753	145.64204700198025	2631077888	true	139.602380588	139.6448353161104	2607902720	TIMEOUT	901.018789043	901.0785312689841	2807656448
ssh/s3_clnt.blast.04_true-unreach-call.i.cil.c	true	125.801825011	125.82745348662138	2292510720	TIMEOUT	900.992870656	901.0597176365554	2707767296	true	65.50306702	65.54184756800532	2108579840	true	35.857923373	35.892111661843956	935931904	true	19.605024011	19.62935155397281	489504768	true	149.284631369	149.30798027478158	2633842688	true	184.024767328	184.05866848258302	2647916544	true	368.940288811	368.98082317691296	2681786368
ssh/s3_srvr.blast.01_true-unreach-call.i.cil.c	TIMEOUT	900.977787061	901.0371352960356	2693115904	TIMEOUT	900.991710344	901.052405053284	2750820352	TIMEOUT	901.015411716	901.0819119927473	2850799616	true	62.352300466	62.37354459101334	1408110592	true	81.533119998	81.55907249823213	2052890624	TIMEOUT	901.004338884	901.0667224302888	2718588928	TIMEOUT	901.258711431	901.3229212854058	2748678144	TIMEOUT	900.994423566	901.0789390029386	2822201344
ssh/s3_srvr.blast.02_true-unreach-call.i.cil.c	TIMEOUT	901.092581233	901.1594735900871	2747052032	TIMEOUT	901.02240043	901.0791209014133	2818105344	TIMEOUT	900.995085377	901.0790222701617	2789998592	true	46.790257202	46.81987053807825	808321024	true	23.918096858	23.94257683493197	640520192	TIMEOUT	900.984865238	901.0677670361474	2738597888	TIMEOUT	901.01303633	901.0751973455772	2800205824	TIMEOUT	901.020144701	901.090401024092	2758873088
ssh/s3_srvr.blast.06_true-unreach-call.i.cil.c	TIMEOUT	901.002712343	901.0674122171476	2774667264	TIMEOUT	901.024411648	901.0903969593346	2794012672	TIMEOUT	901.001302625	901.0709157623351	2757341184	true	499.054788453	499.1111501129344	2876436480	true	246.026353368	246.07552242698148	2757836800	TIMEOUT	901.016099466	901.0929246018641	2674966528	TIMEOUT	901.016071933	901.0859225732274	2651975680	TIMEOUT	902.396606614	902.4773068772629	2851872768
ssh/s3_srvr.blast.07_true-unreach-call.i.cil.c	TIMEOUT	900.637646464	900.6990995341912	2848604160	TIMEOUT	901.010410775	901.0851543969475	2827186176	TIMEOUT	900.991600422	901.0592785151675	2723926016	true	54.889936221	54.92340485798195	929398784	true	96.993407568	97.01979919709265	1445187584	TIMEOUT	901.105250043	901.1878661061637	2773024768	TIMEOUT	901.068189212	901.1358395689167	2756952064	TIMEOUT	901.10356375	901.1808427106589	2767036416
ssh/s3_srvr.blast.08_true-unreach-call.i.cil.c	TIMEOUT	901.298318505	901.3635704009794	2756210688	TIMEOUT	900.965730939	901.0419299541973	2753949696	TIMEOUT	901.008191078	901.0718982140534	2790797312	true	66.013150125	66.03371626511216	1511206912	true	327.579959752	327.6315937479958	2844442624	TIMEOUT	901.656645407	901.7383210607804	2717069312	TIMEOUT	901.005431873	901.1021341760643	2755543040	TIMEOUT	903.871845574	903.947155511938	2873348096
ssh/s3_srvr.blast.09_true-unreach-call.i.cil.c	TIMEOUT	900.995835669	901.0610997849144	2636943360	TIMEOUT	901.085323061	901.1718126027845	2840018944	TIMEOUT	901.281272298	901.3498251200654	2893824000	TIMEOUT	901.029943726	901.1009372868575	2741014528	true	73.86905783	73.89219590416178	1396924416	TIMEOUT	902.179763827	902.2446640650742	2834726912	TIMEOUT	901.111425092	901.1897475174628	2848251904	TIMEOUT	902.127853711	902.2018080977723	2816872448
ssh/s3_srvr.blast.10_true-unreach-call.i.cil.c	TIMEOUT	901.00213129	901.0659900610335	2689830912	TIMEOUT	901.595905063	901.6813511420041	2749411328	TIMEOUT	908.137923942	908.2156609976664	2819002368	true	20.374371301	20.406645455397666	537497600	true	21.352172558	21.378307292237878	716677120	TIMEOUT	901.358079394	901.4268541242927	2703687680	TIMEOUT	901.347577191	901.4129411801696	2826031104	TIMEOUT	901.13203597	901.2087620901875	2815778816
ssh/s3_srvr.blast.11_true-unreach-call.i.cil.c	TIMEOUT	900.996036842	901.0471491562203	2829475840	TIMEOUT	901.001336619	901.0744127603248	2800451584	TIMEOUT	901.006056201	901.0816380339675	2870132736	true	70.492890579	70.51108704227954	1306066944	true	166.88364171	166.91187089681625	2023505920	TIMEOUT	901.37360973	901.4318156633526	2767450112	TIMEOUT	901.102983205	901.1709945229813	2796269568	TIMEOUT	904.964906558	905.0229596551508	2816819200
ssh/s3_srvr.blast.12_true-unreach-call.i.cil.c	TIMEOUT	901.082482065	901.1486684931442	2816921600	TIMEOUT	902.228678603	902.264361131005	2766061568	TIMEOUT	901.026356689	901.0931618940085	2794524672	true	201.143210718	201.1705219577998	2338525184	true	89.155306868	89.18792164092883	1712586752	TIMEOUT	903.27843537	903.3353536599316	2813575168	TIMEOUT	901.003355043	901.0761704710312	2808111104	TIMEOUT	901.443773691	901.5201185587794	2892435456
ssh/s3_srvr.blast.13_true-unreach-call.i.cil.c	TIMEOUT	901.016730942	901.0916675841436	2789814272	TIMEOUT	900.974677236	901.0370507217012	2736005120	TIMEOUT	901.002036492	901.0743406666443	2703908864	true	28.576937885	28.60138314915821	513380352	true	46.906375775	46.92748515168205	742719488	TIMEOUT	901.24766208	901.3035666588694	2768809984	TIMEOUT	901.307040196	901.3733416688628	2767572992	TIMEOUT	901.488007768	901.5453794840723	2811109376
ssh/s3_srvr.blast.14_true-unreach-call.i.cil.c	TIMEOUT	901.689084628	901.7602091990411	2769571840	TIMEOUT	901.849532949	901.920542195905	2796093440	TIMEOUT	901.118478052	901.1946221762337	2881347584	true	295.098447713	295.1352439732291	2774106112	true	140.796965338	140.83093815017492	2639200256	TIMEOUT	901.017521194	901.0881492448971	2767413248	TIMEOUT	901.005850919	901.0722697270103	2672091136	TIMEOUT	901.017149061	901.0908667179756	2811482112
ssh/s3_srvr.blast.15_true-unreach-call.i.cil.c	TIMEOUT	901.008522212	901.0782112446614	2750201856	TIMEOUT	901.187017081	901.2574329553172	2798039040	TIMEOUT	900.978930427	901.0415323469788	2662039552	true	210.815560037	210.85733135882765	2713317376	true	87.744499569	87.77040326688439	2369413120	TIMEOUT	901.798120202	901.8732087360695	2775838720	TIMEOUT	901.341576648	901.3996523427777	2769137664	TIMEOUT	901.076155793	901.1452326243743	2826846208
ssh/s3_srvr.blast.16_true-unreach-call.i.cil.c	TIMEOUT	901.004512693	901.0786128202453	2772054016	TIMEOUT	900.995916699	901.0579476649873	2630475776	TIMEOUT	901.001721739	901.065285326913	2792345600	true	248.842245124	248.87908110581338	2823000064	TIMEOUT	901.010162428	901.0808221870102	3176427520	TIMEOUT	901.015560121	901.0818560239859	2723520512	TIMEOUT	901.020070431	901.0884308600798	2593308672	TIMEOUT	901.000551076	901.07701856317	2669264896
