tool	CPAchecker 1.4-svn 147bd74+	CPAchecker 1.4-svn 147bd74+	CPAchecker 1.4-svn 147bd74+	CPAchecker 1.4-svn 147bd74+	CPAchecker 1.4-svn 147bd74+	CPAchecker 1.4-svn 147bd74+	CPAchecker 1.4-svn 147bd74+	CPAchecker 1.4-svn 147bd74+	CPAchecker 1.4-svn 147bd74+	CPAchecker 1.4-svn 147bd74+	CPAchecker 1.4-svn 147bd74+	CPAchecker 1.4-svn 147bd74+	CPAchecker 1.4-svn 147bd74+	CPAchecker 1.4-svn 147bd74+	CPAchecker 1.4-svn 147bd74+	CPAchecker 1.4-svn 147bd74+	CPAchecker 1.4-svn 147bd74+	CPAchecker 1.4-svn 147bd74+	CPAchecker 1.4-svn 147bd74+	CPAchecker 1.4-svn 147bd74+	CPAchecker 1.4-svn 147bd74+	CPAchecker 1.4-svn 147bd74+	CPAchecker 1.4-svn 147bd74+	CPAchecker 1.4-svn 147bd74+	CPAchecker 1.4-svn 147bd74+	CPAchecker 1.4-svn 147bd74+	CPAchecker 1.4-svn 147bd74+	CPAchecker 1.4-svn 147bd74+	CPAchecker 1.4-svn 147bd74+	CPAchecker 1.4-svn 147bd74+	CPAchecker 1.4-svn 147bd74+	CPAchecker 1.4-svn 147bd74+
run set	Dy-ABlkBFSCSRPO-ABEl-FC	Dy-ABlkBFSCSRPO-ABEl-FC	Dy-ABlkBFSCSRPO-ABEl-FC	Dy-ABlkBFSCSRPO-ABEl-FC	Dy-ABlkBFSCSRPO-ABEl-FCm	Dy-ABlkBFSCSRPO-ABEl-FCm	Dy-ABlkBFSCSRPO-ABEl-FCm	Dy-ABlkBFSCSRPO-ABEl-FCm	Dy-ABlkBFSCSRPO-ABEl	Dy-ABlkBFSCSRPO-ABEl	Dy-ABlkBFSCSRPO-ABEl	Dy-ABlkBFSCSRPO-ABEl	Dy-ABlkBFSCSRPO-PredAbs-ABEl	Dy-ABlkBFSCSRPO-PredAbs-ABEl	Dy-ABlkBFSCSRPO-PredAbs-ABEl	Dy-ABlkBFSCSRPO-PredAbs-ABEl	Dy-ABlkBFSCSRPO-PredAbs-ABElf	Dy-ABlkBFSCSRPO-PredAbs-ABElf	Dy-ABlkBFSCSRPO-PredAbs-ABElf	Dy-ABlkBFSCSRPO-PredAbs-ABElf	Dy-ABlkBFSCSRPO-lf-FC	Dy-ABlkBFSCSRPO-lf-FC	Dy-ABlkBFSCSRPO-lf-FC	Dy-ABlkBFSCSRPO-lf-FC	Dy-ABlkBFSCSRPO-lf-FCm	Dy-ABlkBFSCSRPO-lf-FCm	Dy-ABlkBFSCSRPO-lf-FCm	Dy-ABlkBFSCSRPO-lf-FCm	Dy-ABlkBFSCSRPO-lf	Dy-ABlkBFSCSRPO-lf	Dy-ABlkBFSCSRPO-lf	Dy-ABlkBFSCSRPO-lf
sv-comp/	status	cputime (s)	walltime (s)	memUsage	status	cputime (s)	walltime (s)	memUsage	status	cputime (s)	walltime (s)	memUsage	status	cputime (s)	walltime (s)	memUsage	status	cputime (s)	walltime (s)	memUsage	status	cputime (s)	walltime (s)	memUsage	status	cputime (s)	walltime (s)	memUsage	status	cputime (s)	walltime (s)	memUsage
ntdrivers/cdaudio_false-unreach-call.i.cil.c	TIMEOUT	900.996524231	900.9330503470264	2725683200	TIMEOUT	901.081060322	901.0181183412205	2719858688	TIMEOUT	900.919861452	900.8368944099639	2714808320	TIMEOUT	901.138030965	901.0589937539771	3129511936	TIMEOUT	900.966319142	900.884630652843	2956398592	TIMEOUT	901.350467422	901.2850891058333	2712526848	TIMEOUT	903.66862283	903.6011436001863	2685243392	TIMEOUT	901.100149871	901.0242531341501	2705620992
ntdrivers/diskperf_false-unreach-call.i.cil.c	false(reach)	11.187747722	11.210546705173329	316035072	false(reach)	10.875590621	10.90153693081811	287277056	false(reach)	11.334491168	11.355558759067208	323149824	false(reach)	11.681334566	11.699948494089767	326184960	false(reach)	10.633255697	10.655118505004793	281300992	false(reach)	6.820678701	6.845236799912527	259031040	false(reach)	6.84816603	6.86924076708965	256122880	false(reach)	6.813243238	6.8415176721755415	258613248
ntdrivers/floppy_false-unreach-call.i.cil.c	false(reach)	30.472331825	30.490496397949755	618156032	false(reach)	27.958314701	27.98185658804141	631607296	false(reach)	31.247857483	31.269643736071885	696287232	false(reach)	30.818427605	30.84540249197744	673259520	false(reach)	26.432198709	26.458753257989883	591441920	false(reach)	14.419335927	14.449201056966558	596258816	false(reach)	13.739487957	13.761841158149764	633049088	false(reach)	14.300218161	14.330302436836064	594800640
ntdrivers/kbfiltr_false-unreach-call.i.cil.c	false(reach)	6.957855008	6.976691059069708	204345344	false(reach)	6.874122785	6.905146396020427	280301568	false(reach)	6.952560247	6.9841335888486356	260251648	false(reach)	6.793351022	6.815906707197428	271577088	false(reach)	13.286026975	13.306040807859972	337088512	false(reach)	7.880577385	7.913088198052719	282771456	false(reach)	7.763518169	7.800883969990537	274788352	false(reach)	8.061440399	8.092638978967443	269385728
ntdrivers/parport_false-unreach-call.i.cil.c	ERROR (recursion)	6.228248777	6.242413635831326	201338880	ERROR (recursion)	6.688369362	6.710053829010576	214274048	ERROR (recursion)	6.718835851	6.7409708618652076	210022400	ERROR (recursion)	6.821365616	6.851156899007037	214122496	false(reach)	8.107230862	8.132760438136756	294797312	false(reach)	7.311563851	7.3288292470388114	231604224	false(reach)	7.810379351	7.832055408973247	239337472	false(reach)	7.558506774	7.583775351056829	227299328
ntdrivers/cdaudio_true-unreach-call.i.cil.c	true	24.184693748	24.206640040967613	511528960	true	23.616144399	23.641832703957334	504684544	true	24.728412176	24.753823518985882	523927552	true	22.010658021	22.034066424006596	597073920	true	54.286325895	54.29850032296963	1326878720	true	18.711016078	18.72904524486512	410017792	true	17.880039616	17.90119539690204	385224704	true	28.921554115	28.944467731984332	762953728
ntdrivers/diskperf_true-unreach-call.i.cil.c	true	9.757519921	9.776172381127253	296124416	true	9.82010261	9.844542799051851	279543808	true	9.730924658	9.752322094049305	302866432	true	9.91499501	9.92725857696496	297713664	true	28.552970875	28.570373297203332	708186112	true	15.475724441	15.492701908107847	432332800	true	15.194200502	15.212330640060827	419799040	true	50.2388039	50.25526662287302	1144340480
ntdrivers/floppy2_true-unreach-call.i.cil.c	true	101.808059836	101.82206593896262	2245840896	true	97.050916327	97.07330986508168	2376097792	true	263.817497829	263.8197505348362	2802753536	true	52.53709095	52.54699197690934	1041883136	true	102.322281201	102.32632488082163	1839624192	true	37.905806384	37.92984564695507	632164352	true	54.912603594	54.930132006062195	782131200	true	252.967357375	252.957373569021	2824179712
ntdrivers/floppy_true-unreach-call.i.cil.c	true	150.987217936	150.9966950151138	2644643840	true	150.05733661	150.06055830582045	2665177088	true	206.431058184	206.42767661297694	2689564672	true	87.329361168	87.33402578905225	1632174080	true	88.349487789	88.35855451086536	2091544576	true	30.166387471	30.18246533581987	763637760	true	33.554491793	33.57456821203232	1121312768	true	75.227218791	75.24165706406347	2328489984
ntdrivers/parport_true-unreach-call.i.cil.c	ERROR (recursion)	6.681348192	6.707845491124317	206647296	ERROR (recursion)	6.604853665	6.623670544009656	209670144	ERROR (recursion)	6.571439976	6.593139305943623	205889536	ERROR (recursion)	7.094696609	7.106716521084309	227676160	ERROR (recursion)	7.923816887	7.945989401079714	258125824	ERROR (recursion)	6.803365441	6.827602728037164	210403328	ERROR (recursion)	6.69023583	6.714423954952508	207167488	ERROR (recursion)	6.724681535	6.746274024946615	206471168
ssh/s3_clnt.blast.01_false-unreach-call.i.cil.c	false(reach)	12.308755336	12.32460890407674	355917824	false(reach)	12.370273977	12.393060206901282	406192128	false(reach)	10.066165758	10.084745592903346	333828096	false(reach)	12.474426589	12.505393022904173	354930688	false(reach)	12.747444391	12.772390607977286	373059584	false(reach)	12.817720137	12.841006038943306	354148352	false(reach)	12.7975691	12.815978563856333	380846080	false(reach)	10.050187211	10.076505573000759	357879808
ssh/s3_clnt.blast.02_false-unreach-call.i.cil.c	false(reach)	10.255413218	10.277084076078609	350969856	false(reach)	9.737053644	9.764586028875783	305758208	false(reach)	8.468144247	8.489371731178835	297373696	false(reach)	9.766771237	9.792747975094244	295157760	false(reach)	9.591312897	9.616858972003683	297766912	false(reach)	9.990469095	10.016238278942183	324341760	false(reach)	9.993415856	10.014250776031986	361631744	false(reach)	8.55022388	8.581001864979044	283795456
ssh/s3_clnt.blast.03_false-unreach-call.i.cil.c	false(reach)	9.88426257	9.909203982912004	377315328	false(reach)	9.997301613	10.02094043395482	352968704	false(reach)	8.66062104	8.682104510022327	281653248	false(reach)	9.234961735	9.264595010085031	287498240	false(reach)	9.606658356	9.637147782137617	300425216	false(reach)	9.917385726	9.948384880786762	354004992	false(reach)	10.234038044	10.256173996021971	289382400	false(reach)	8.977799466	9.001191763905808	293089280
ssh/s3_clnt.blast.04_false-unreach-call.i.cil.c	false(reach)	10.314419329	10.348901021061465	360488960	false(reach)	10.246214948	10.26864655688405	364351488	false(reach)	8.817501914	8.845114391995594	276512768	false(reach)	9.712077913	9.741144869010895	296407040	false(reach)	9.918915626	9.948358919005841	292171776	false(reach)	10.25957668	10.280345510924235	357847040	false(reach)	10.223317007	10.252220052061602	331608064	false(reach)	8.376943469	8.40824874700047	281034752
ssh/s3_srvr.blast.01_false-unreach-call.i.cil.c	false(reach)	7.585976798	7.613154777092859	289767424	false(reach)	7.55132608	7.57282778294757	282415104	false(reach)	6.713096288	6.7305954119656235	265482240	false(reach)	7.778431939	7.812360031995922	276107264	false(reach)	7.761944052	7.784050259971991	273477632	false(reach)	7.709962967	7.733377505093813	236609536	false(reach)	7.583214039	7.612384435953572	234369024	false(reach)	6.917999872	6.943069915054366	276082688
ssh/s3_srvr.blast.02_false-unreach-call.i.cil.c	false(reach)	7.287569934	7.309158883988857	222371840	false(reach)	7.293375777	7.323960799956694	268308480	false(reach)	6.693230953	6.71692727599293	268328960	false(reach)	7.065053256	7.0965504420455545	283975680	false(reach)	7.203363095	7.232049108948559	275853312	false(reach)	7.366147145	7.39664763212204	272056320	false(reach)	7.401777284	7.428773244144395	271540224	false(reach)	6.680805277	6.71223628311418	272117760
ssh/s3_srvr.blast.03_false-unreach-call.i.cil.c	false(reach)	7.293527482	7.315481239929795	265420800	false(reach)	7.441271753	7.46396429813467	281198592	false(reach)	6.773193606	6.808326164027676	265093120	false(reach)	7.158734546	7.172308987006545	298123264	false(reach)	7.145793847	7.164354064967483	298119168	false(reach)	7.443715713	7.4686261320021	284442624	false(reach)	7.42577444	7.452202823013067	280776704	false(reach)	6.809155002	6.832718038000166	214671360
ssh/s3_srvr.blast.04_false-unreach-call.i.cil.c	false(reach)	7.183932867	7.21277082990855	265633792	false(reach)	7.253080636	7.2727880999445915	272355328	false(reach)	6.584731168	6.615401841932908	263340032	false(reach)	7.054845471	7.089145705103874	288305152	false(reach)	7.124684196	7.144082742044702	284237824	false(reach)	7.392385246	7.416844116989523	281903104	false(reach)	7.411948047	7.432596204802394	282726400	false(reach)	6.778808681	6.799860971979797	270331904
ssh/s3_srvr.blast.06_false-unreach-call.i.cil.c	false(reach)	15.120166509	15.14581089396961	475553792	false(reach)	15.193286527	15.205800158903003	475942912	false(reach)	11.997820849	12.021883571054786	366002176	false(reach)	11.705136238	11.728684568079188	350474240	false(reach)	12.21839134	12.241840951144695	346222592	false(reach)	14.74871767	14.777243418851867	454037504	false(reach)	14.560245493	14.577477522892877	478633984	false(reach)	11.822379906	11.837157526053488	380723200
ssh/s3_srvr.blast.07_false-unreach-call.i.cil.c	false(reach)	11.959311142	11.985185942146927	383655936	false(reach)	12.301689251	12.329502221895382	388341760	false(reach)	10.027715387	10.048816423863173	377982976	false(reach)	11.61486205	11.629639516118914	359956480	false(reach)	12.926496724	12.949291558936238	379133952	false(reach)	12.192474344	12.2207687869668	419741696	false(reach)	12.160913909	12.17607390601188	396279808	false(reach)	10.486964965	10.512509679887444	377225216
ssh/s3_srvr.blast.08_false-unreach-call.i.cil.c	false(reach)	51.89313606	51.91521146404557	1306927104	false(reach)	49.244595461	49.26269011199474	1222746112	false(reach)	31.324002564	31.33870652015321	1112387584	false(reach)	23.504069444	23.5288655559998	529666048	false(reach)	33.58106052	33.613349391147494	748810240	false(reach)	63.727947652	63.740932560991496	1420460032	false(reach)	60.029102303	60.051628332119435	1564307456	false(reach)	32.463219966	32.48696835292503	1084854272
ssh/s3_srvr.blast.09_false-unreach-call.i.cil.c	false(reach)	12.818279667	12.839523679111153	342691840	false(reach)	12.071139973	12.091807215940207	334647296	false(reach)	10.222278804	10.243540775962174	360583168	false(reach)	11.447030365	11.472951356088743	363823104	false(reach)	12.482025921	12.507017330033705	376500224	false(reach)	12.958543273	12.971128183882684	391585792	false(reach)	13.478607873	13.491391939111054	382525440	false(reach)	10.715494277	10.744070291053504	385916928
ssh/s3_srvr.blast.10_false-unreach-call.i.cil.c	false(reach)	53.332236299	53.343374078162014	1228959744	false(reach)	53.313586019	53.33104491699487	1361801216	false(reach)	35.321950462	35.34301878884435	1272877056	false(reach)	23.657295404	23.67663626302965	570077184	false(reach)	31.807274311	31.834281416842714	882819072	false(reach)	57.968517303	57.98720368789509	1292963840	false(reach)	49.811425123	49.83473412692547	1181396992	false(reach)	38.667408405	38.67919542407617	1435168768
ssh/s3_srvr.blast.11_false-unreach-call.i.cil.c	false(reach)	9.206290225	9.227856101933867	297426944	false(reach)	9.344087963	9.366642540087923	289595392	false(reach)	8.299955114	8.326487955171615	285958144	false(reach)	9.40573721	9.43627782794647	295985152	false(reach)	9.06665381	9.09301172895357	294645760	false(reach)	9.482157485	9.502960307057947	285900800	false(reach)	9.263247565	9.287453403929248	288686080	false(reach)	8.441116747	8.463896061992273	288264192
ssh/s3_srvr.blast.12_false-unreach-call.i.cil.c	false(reach)	14.993431634	15.013414693064988	459886592	false(reach)	14.542696997	14.577435764018446	438661120	false(reach)	11.798017198	11.820638332050294	364642304	false(reach)	12.568968099	12.592581368982792	361238528	false(reach)	9.86365992	9.885028850054368	303837184	false(reach)	15.034410727	15.060010812012479	538353664	false(reach)	14.437870468	14.453039885032922	524869632	false(reach)	11.737492841	11.760560713941231	383688704
ssh/s3_srvr.blast.13_false-unreach-call.i.cil.c	false(reach)	12.434958872	12.468727820087224	369803264	false(reach)	12.851142443	12.868927194969729	362225664	false(reach)	10.086151417	10.106948496075347	356216832	false(reach)	11.62545987	11.645612730178982	381325312	false(reach)	11.746846678	11.770613256143406	354078720	false(reach)	13.014759398	13.0324301419314	316149760	false(reach)	12.903891707	12.933163162088022	423280640	false(reach)	10.743823282	10.762554060900584	386617344
ssh/s3_srvr.blast.14_false-unreach-call.i.cil.c	false(reach)	14.939515504	14.96248708292842	384294912	false(reach)	14.674297056	14.69790437980555	434368512	false(reach)	10.815924301	10.844349296065047	352002048	false(reach)	11.350211766	11.37081226403825	374767616	false(reach)	11.682354999	11.712438537972048	356405248	false(reach)	17.060717678	17.073387884069234	516595712	false(reach)	16.202285599	16.236244892003015	475586560	false(reach)	12.242537574	12.268886995967478	409341952
ssh/s3_srvr.blast.15_false-unreach-call.i.cil.c	false(reach)	50.562501879	50.576897310093045	1312002048	false(reach)	51.361375032	51.37583315419033	1289494528	false(reach)	35.156739554	35.17091912985779	1202987008	false(reach)	23.107019565	23.133633060147986	524324864	false(reach)	26.517467738	26.537742504151538	615866368	false(reach)	60.668532734	60.69060377893038	1550184448	false(reach)	56.145071277	56.16324919788167	1407836160	false(reach)	33.959038304	33.982351805083454	1176449024
ssh/s3_srvr.blast.16_false-unreach-call.i.cil.c	false(reach)	15.519945391	15.53890079492703	456101888	false(reach)	15.71944975	15.731593511998653	403120128	false(reach)	11.488956416	11.513472660910338	455327744	false(reach)	11.60508886	11.626600926974788	375095296	false(reach)	11.897957315	11.924713449086994	367783936	false(reach)	15.530679632	15.56264790496789	513835008	false(reach)	16.214094395	16.228747142013162	520306688	false(reach)	12.204850191	12.230457135941833	408743936
ssh/s3_clnt.blast.01_true-unreach-call.i.cil.c	true	121.124316078	121.13252735696733	1939120128	true	180.471202564	180.47139723901637	2651705344	true	121.288834364	121.29913349612616	2633183232	true	61.103592725	61.11521182209253	1588867072	true	106.691190671	106.70697351708077	1525723136	true	183.833513237	183.83528497698717	2629091328	true	190.586035873	190.5972601431422	2607960064	true	124.722953118	124.74211359489709	2635780096
ssh/s3_clnt.blast.02_true-unreach-call.i.cil.c	true	74.728601615	74.7450013961643	1930665984	true	90.913845824	90.9410643891897	2048462848	true	116.229264606	116.24070787290111	2619191296	true	36.708060455	36.72762833489105	779620352	true	82.070522989	82.08739852206782	2309828608	true	132.630667937	132.65102685708553	2487017472	true	115.852655786	115.8623380488716	2596188160	true	132.238075783	132.2546510589309	2617659392
ssh/s3_clnt.blast.03_true-unreach-call.i.cil.c	true	178.731115124	178.74324555997737	2635337728	true	185.217744327	185.21841452107765	2641420288	true	119.24265734	119.24994710320607	2623045632	true	24.481952424	24.506154217058793	457207808	true	23.53693771	23.559566349023953	555470848	true	148.217593377	148.22658488410525	2612764672	true	143.734908124	143.754527047975	2636685312	TIMEOUT	901.242147753	901.1955942620989	2815569920
ssh/s3_clnt.blast.04_true-unreach-call.i.cil.c	true	124.263816899	124.27003884711303	2229604352	TIMEOUT	901.023681194	900.9569366180804	2691424256	true	65.138241756	65.15688128094189	1695162368	true	35.638517852	35.655590544920415	852692992	true	18.618771285	18.639114500023425	537866240	true	152.795371995	152.80441386206076	2615664640	true	178.303161023	178.31537821190432	2610352128	true	378.306861369	378.29826180497184	2692661248
ssh/s3_srvr.blast.01_true-unreach-call.i.cil.c	TIMEOUT	901.055727933	900.9797257799655	2698731520	TIMEOUT	901.040381994	900.9697247350123	2751651840	TIMEOUT	901.026118607	900.97006728407	2840076288	true	58.246853252	58.259071935899556	1361145856	true	80.655505147	80.66222599684261	2101211136	TIMEOUT	900.963902254	900.8939688019454	2720096256	TIMEOUT	903.528032922	903.4644973250106	2762465280	TIMEOUT	902.330913044	902.2703508308623	2833018880
ssh/s3_srvr.blast.02_true-unreach-call.i.cil.c	TIMEOUT	902.895578218	902.84903089609	2766168064	TIMEOUT	901.130229238	901.0784044540487	2821144576	TIMEOUT	901.010971289	900.9617790030316	2790924288	true	48.246450687	48.264468448003754	862023680	true	25.17602109	25.197032161988318	609415168	TIMEOUT	901.234132107	901.1551205101423	2735255552	TIMEOUT	901.022240656	900.9521568429191	2751815680	TIMEOUT	901.25269988	901.1982190278359	2799456256
ssh/s3_srvr.blast.06_true-unreach-call.i.cil.c	TIMEOUT	900.994689155	900.9257109831087	2786267136	TIMEOUT	901.011628357	900.941125796875	2785898496	TIMEOUT	900.983841125	900.905452871928	2771947520	true	501.370022844	501.3520751579199	2889707520	true	244.161436989	244.1624117870815	2733752320	TIMEOUT	901.033050766	900.9665112770163	2673954816	TIMEOUT	901.034631734	900.9604879210237	2696982528	TIMEOUT	902.890323367	902.8233669360634	2905993216
ssh/s3_srvr.blast.07_true-unreach-call.i.cil.c	TIMEOUT	900.797598356	900.7429270569701	2806956032	TIMEOUT	902.747019075	902.6767963450402	2837291008	TIMEOUT	901.022948351	900.9362891169731	2711552000	true	57.43139115	57.456081366864964	873656320	true	96.009015516	96.02397349197417	1605390336	TIMEOUT	901.040701963	900.9479989709798	2773905408	TIMEOUT	902.921353119	902.8669863899704	2773504000	TIMEOUT	901.042501789	900.969630851876	2755842048
ssh/s3_srvr.blast.08_true-unreach-call.i.cil.c	TIMEOUT	901.78109215	901.7169673189055	2781884416	TIMEOUT	901.05319653	900.9944300821517	2723340288	TIMEOUT	901.043795478	900.9824794230517	2818244608	true	63.648585657	63.67745534400456	1535410176	true	329.782374477	329.7738160220906	2768670720	TIMEOUT	901.330173402	901.2570664719678	2787921920	TIMEOUT	901.514749997	901.4581015531439	2757095424	TIMEOUT	902.176633811	902.1069493500981	2857148416
ssh/s3_srvr.blast.09_true-unreach-call.i.cil.c	TIMEOUT	901.030756448	900.9735385449603	2632228864	TIMEOUT	901.523822168	901.4566073699389	2851446784	TIMEOUT	900.944774731	900.9032616280019	2923634688	TIMEOUT	901.089255116	901.0338873660658	2264522752	true	69.022219321	69.03845404507592	1293889536	TIMEOUT	902.152131952	902.100976287853	2777714688	TIMEOUT	901.069360892	901.0134538840503	2791362560	TIMEOUT	901.045678981	900.9833684030455	2826518528
ssh/s3_srvr.blast.10_true-unreach-call.i.cil.c	TIMEOUT	901.039537398	900.9794533839449	2703044608	TIMEOUT	902.376128302	902.3173673008569	2762219520	TIMEOUT	905.006056724	904.9451759641524	2824675328	true	19.917482668	19.941755342995748	573595648	true	22.771581364	22.791810245951638	672157696	TIMEOUT	901.061303653	901.0060765899252	2688094208	TIMEOUT	903.343260382	903.2700395970605	2796187648	TIMEOUT	901.161783357	901.1074099631514	2804502528
ssh/s3_srvr.blast.11_true-unreach-call.i.cil.c	TIMEOUT	901.054842647	900.9901632259134	2844053504	TIMEOUT	901.093146234	901.0327758239582	2804826112	TIMEOUT	901.024529206	900.9480230060872	2849726464	true	72.76905658	72.78042549313977	1289293824	true	167.046388798	167.0576207761187	1751724032	TIMEOUT	901.90332501	901.8468085771892	2831167488	TIMEOUT	901.138953455	901.0606669199187	2809978880	TIMEOUT	901.261272233	901.2058352979366	2787610624
ssh/s3_srvr.blast.12_true-unreach-call.i.cil.c	TIMEOUT	901.04490608	900.9571577899624	2810277888	TIMEOUT	903.960576897	903.888618070865	2777038848	TIMEOUT	901.031174518	900.9718455858529	2785017856	true	203.084610805	203.0940027460456	2462584832	true	92.971952721	92.9900608099997	2250440704	TIMEOUT	901.06808295	901.0179344308563	2783592448	TIMEOUT	901.122570319	901.066131522879	2779037696	TIMEOUT	900.619243452	900.5577155579813	2859327488
ssh/s3_srvr.blast.13_true-unreach-call.i.cil.c	TIMEOUT	901.02380142	900.9541228299495	2788487168	TIMEOUT	901.032311372	900.9624667610042	2731778048	TIMEOUT	901.016596347	900.9415850720834	2687619072	true	30.645130025	30.663944627856836	558977024	true	44.420448088	44.44611495686695	767676416	TIMEOUT	901.027476742	900.9734586670529	2731134976	TIMEOUT	901.107255949	901.032029422	2794844160	TIMEOUT	901.99077133	901.9177008389961	2812755968
ssh/s3_srvr.blast.14_true-unreach-call.i.cil.c	TIMEOUT	901.133332142	901.0873306428548	2813018112	TIMEOUT	901.077940103	901.0236487069633	2766471168	TIMEOUT	901.03553745	900.9739021318965	2846126080	true	291.723246824	291.71059793792665	2761703424	true	144.354531893	144.36359347286634	2678427648	TIMEOUT	901.041824864	900.9588130919728	2768568320	TIMEOUT	901.00875488	900.93481660611	2663346176	TIMEOUT	901.012173266	900.9336583190598	2807504896
ssh/s3_srvr.blast.15_true-unreach-call.i.cil.c	TIMEOUT	901.436847319	901.3613000980113	2772660224	TIMEOUT	901.076344222	901.0030526169576	2792366080	TIMEOUT	901.001797693	900.9263205339666	2671034368	true	204.989979877	204.99119269801304	2776518656	true	86.935190789	86.96262896200642	2225172480	TIMEOUT	904.482130331	904.4087819058914	2756100096	TIMEOUT	901.917747089	901.8605305929668	2812231680	TIMEOUT	900.985842915	900.9214244810864	2811678720
ssh/s3_srvr.blast.16_true-unreach-call.i.cil.c	TIMEOUT	901.016097835	900.943589841947	2775695360	TIMEOUT	901.021906139	900.942278965842	2634006528	TIMEOUT	900.995146163	900.9294140599668	2789715968	true	246.536146022	246.53820309904404	2725707776	TIMEOUT	901.040520618	900.9740847789217	3104550912	TIMEOUT	901.006733698	900.9485415429808	2721804288	TIMEOUT	901.038828516	900.9723260959145	2598125568	TIMEOUT	901.010333286	900.9460613969713	2666147840
