tool	CPAchecker 1.4-svn bc31de0+	CPAchecker 1.4-svn bc31de0+	CPAchecker 1.4-svn bc31de0+	CPAchecker 1.4-svn bc31de0+	CPAchecker 1.4-svn bc31de0+	CPAchecker 1.4-svn bc31de0+	CPAchecker 1.4-svn bc31de0+	CPAchecker 1.4-svn bc31de0+	CPAchecker 1.4-svn bc31de0+	CPAchecker 1.4-svn bc31de0+	CPAchecker 1.4-svn bc31de0+	CPAchecker 1.4-svn bc31de0+	CPAchecker 1.4-svn bc31de0+	CPAchecker 1.4-svn bc31de0+	CPAchecker 1.4-svn bc31de0+	CPAchecker 1.4-svn bc31de0+	CPAchecker 1.4-svn bc31de0+	CPAchecker 1.4-svn bc31de0+	CPAchecker 1.4-svn bc31de0+	CPAchecker 1.4-svn bc31de0+	CPAchecker 1.4-svn bc31de0+	CPAchecker 1.4-svn bc31de0+	CPAchecker 1.4-svn bc31de0+	CPAchecker 1.4-svn bc31de0+	CPAchecker 1.4-svn bc31de0+	CPAchecker 1.4-svn bc31de0+	CPAchecker 1.4-svn bc31de0+	CPAchecker 1.4-svn bc31de0+	CPAchecker 1.4-svn bc31de0+	CPAchecker 1.4-svn bc31de0+	CPAchecker 1.4-svn bc31de0+	CPAchecker 1.4-svn bc31de0+
run set	predicateAnalysis-ImpactRefiner-ABEl-FC	predicateAnalysis-ImpactRefiner-ABEl-FC	predicateAnalysis-ImpactRefiner-ABEl-FC	predicateAnalysis-ImpactRefiner-ABEl-FC	predicateAnalysis-ImpactRefiner-ABEl-FCm	predicateAnalysis-ImpactRefiner-ABEl-FCm	predicateAnalysis-ImpactRefiner-ABEl-FCm	predicateAnalysis-ImpactRefiner-ABEl-FCm	predicateAnalysis-ImpactRefiner-ABEl	predicateAnalysis-ImpactRefiner-ABEl	predicateAnalysis-ImpactRefiner-ABEl	predicateAnalysis-ImpactRefiner-ABEl	predicateAnalysis-ImpactRefiner-ABElf-FC	predicateAnalysis-ImpactRefiner-ABElf-FC	predicateAnalysis-ImpactRefiner-ABElf-FC	predicateAnalysis-ImpactRefiner-ABElf-FC	predicateAnalysis-ImpactRefiner-ABElf-FCm	predicateAnalysis-ImpactRefiner-ABElf-FCm	predicateAnalysis-ImpactRefiner-ABElf-FCm	predicateAnalysis-ImpactRefiner-ABElf-FCm	predicateAnalysis-ImpactRefiner-ABElf	predicateAnalysis-ImpactRefiner-ABElf	predicateAnalysis-ImpactRefiner-ABElf	predicateAnalysis-ImpactRefiner-ABElf	predicateAnalysis-PredAbsRefiner-ABEl	predicateAnalysis-PredAbsRefiner-ABEl	predicateAnalysis-PredAbsRefiner-ABEl	predicateAnalysis-PredAbsRefiner-ABEl	predicateAnalysis-PredAbsRefiner-ABElf	predicateAnalysis-PredAbsRefiner-ABElf	predicateAnalysis-PredAbsRefiner-ABElf	predicateAnalysis-PredAbsRefiner-ABElf
sv-comp/	status	cputime (s)	walltime (s)	memUsage	status	cputime (s)	walltime (s)	memUsage	status	cputime (s)	walltime (s)	memUsage	status	cputime (s)	walltime (s)	memUsage	status	cputime (s)	walltime (s)	memUsage	status	cputime (s)	walltime (s)	memUsage	status	cputime (s)	walltime (s)	memUsage	status	cputime (s)	walltime (s)	memUsage
ntdrivers/cdaudio_false-unreach-call.i.cil.c	TIMEOUT	901.01370617	900.9541037082672	2712223744	TIMEOUT	900.986759287	900.9036543592811	2693906432	TIMEOUT	901.109795117	901.0611230740324	2702274560	TIMEOUT	901.099478705	901.1219388283789	2673893376	TIMEOUT	901.603382126	901.5246705915779	2710601728	TIMEOUT	901.01377249	900.9466201746836	2744823808	TIMEOUT	901.090010035	901.0610608914867	3331309568	TIMEOUT	900.988222925	900.9185623638332	2897178624
ntdrivers/diskperf_false-unreach-call.i.cil.c	false(reach)	9.09425066	9.117930876091123	281907200	false(reach)	9.032664485	9.053921360522509	285773824	false(reach)	9.038115678	9.056226725690067	286081024	false(reach)	19.144265502	19.189554094336927	448864256	false(reach)	20.456387648	20.47735893446952	503361536	false(reach)	47.432570686	47.451232355087996	956186624	false(reach)	9.059420673	9.08098541200161	278237184	false(reach)	22.251162658	22.286630181595683	618913792
ntdrivers/floppy_false-unreach-call.i.cil.c	false(reach)	141.067530814	141.07724656164646	2663141376	false(reach)	150.967634939	150.96579685993493	2680676352	false(reach)	240.208011227	240.20765757653862	2675429376	false(reach)	37.429230953	37.4618535945192	1114710016	false(reach)	33.482315099	33.50726303923875	1460748288	false(reach)	47.65788918	47.67872199229896	1758101504	false(reach)	78.683210535	78.69765181001276	2272284672	false(reach)	49.9268981	49.94742596615106	1166577664
ntdrivers/kbfiltr_false-unreach-call.i.cil.c	false(reach)	7.231001439	7.2601813562214375	263852032	false(reach)	6.916831157	6.948169213719666	283648000	false(reach)	6.884649804	6.904695702716708	279506944	false(reach)	7.158647886	7.201526138931513	262070272	false(reach)	7.27259421	7.299019034951925	281137152	false(reach)	7.393170429	7.428184075281024	261279744	false(reach)	7.062931212	7.084367737174034	279781376	false(reach)	11.124533978	11.145778457634151	350924800
ntdrivers/parport_false-unreach-call.i.cil.c	ERROR (recursion)	7.786735422	7.816565244458616	241086464	ERROR (recursion)	7.792241298	7.823271298781037	232468480	ERROR (recursion)	7.703595749	7.718222551047802	231030784	TIMEOUT	901.036115425	900.9849232360721	2688028672	TIMEOUT	901.075645831	901.0023831482977	2684911616	TIMEOUT	906.208517663	906.7578868251294	7723163648	ERROR (recursion)	8.167480672	8.18184909876436	257912832	ERROR (recursion)	13.07326957	13.089971381239593	423563264
ntdrivers/cdaudio_true-unreach-call.i.cil.c	true	23.651864293	23.66611464973539	529887232	true	22.652813046	22.67271433584392	519127040	true	26.587021888	26.60947415139526	604336128	true	18.900451608	18.921354742720723	484208640	true	18.420512846	18.44522996339947	469909504	true	28.689790661	32.61954155936837	782348288	true	21.252588882	21.27726716734469	531472384	true	64.09811966	64.11511676665395	1569546240
ntdrivers/diskperf_true-unreach-call.i.cil.c	true	10.187164914	10.216474537737668	292839424	true	9.531704722	9.552270499058068	298659840	true	9.883289616	9.912586425431073	308002816	true	22.396678144	22.417542767710984	507830272	true	21.785162512	21.80915293842554	487628800	true	68.818341822	68.87356969155371	1534619648	true	9.765851038	9.783748720772564	292147200	true	42.086960777	42.10417535994202	906223616
ntdrivers/floppy2_true-unreach-call.i.cil.c	true	43.807771686	43.81744456477463	954220544	true	46.062073731	46.07115850970149	965931008	true	304.395177322	304.37803544756025	2819272704	true	39.573300628	39.617815683595836	735604736	true	53.713585859	53.73421121016145	826806272	true	431.101989829	431.07665119785815	2749095936	true	81.002444474	81.02088267914951	2360188928	true	80.396446439	80.41555648948997	1469775872
ntdrivers/floppy_true-unreach-call.i.cil.c	true	150.880643926	150.8876079004258	2667864064	true	160.15635757	160.1668243855238	2660704256	true	293.401249751	293.38351388368756	2729193472	true	69.987208828	70.00420840177685	2311131136	true	67.536701477	67.55378094222397	2428801024	true	75.243494212	75.26489126030356	2394390528	true	95.54833062	95.56115157157183	2458152960	true	88.729164519	88.74660363607109	2181775360
ntdrivers/parport_true-unreach-call.i.cil.c	ERROR (recursion)	8.157988667	8.185051964595914	252903424	ERROR (recursion)	7.665846499	7.695207490585744	231268352	ERROR (recursion)	7.850425929	7.881062940694392	233402368	TIMEOUT	901.032513104	900.9707738980651	2692157440	TIMEOUT	901.093533302	901.0392311476171	2695815168	TIMEOUT	932.380704257	932.4143700879067	7739265024	ERROR (recursion)	8.143611623	8.16476565785706	254066688	ERROR (recursion)	13.269482387	13.289729619398713	454664192
ssh/s3_clnt.blast.01_false-unreach-call.i.cil.c	false(reach)	11.913432011	11.9439602708444	388857856	false(reach)	12.404417365	12.428170062601566	373133312	false(reach)	9.909202152	9.940444455482066	368132096	false(reach)	12.69857457	12.720476552844048	382050304	false(reach)	13.078064404	13.099059034138918	320860160	false(reach)	10.350104797	11.427483518607914	368799744	false(reach)	12.145380696	12.175966367125511	363249664	false(reach)	12.33069067	12.356741602532566	361017344
ssh/s3_clnt.blast.02_false-unreach-call.i.cil.c	false(reach)	10.034719696	10.065862918272614	357330944	false(reach)	9.792325514	9.812518422491848	336289792	false(reach)	8.759195306	8.780518813990057	274849792	false(reach)	10.032067974	10.057155287824571	353816576	false(reach)	9.755003127	9.775117306038737	370708480	false(reach)	8.338561909	8.367911486886442	265555968	false(reach)	9.434628392	9.457660513930023	320782336	false(reach)	9.288403265	9.320305611938238	296370176
ssh/s3_clnt.blast.03_false-unreach-call.i.cil.c	false(reach)	9.888253805	9.908167842775583	364015616	false(reach)	9.751717908	9.784683891572058	353492992	false(reach)	8.49103353	8.512225143611431	279175168	false(reach)	10.291685737	10.31276007834822	361144320	false(reach)	9.834853434	9.860506710596383	347873280	false(reach)	8.782452937	8.800287798978388	273551360	false(reach)	9.060679146	9.082193546928465	296222720	false(reach)	9.31138193	9.34876627009362	299692032
ssh/s3_clnt.blast.04_false-unreach-call.i.cil.c	false(reach)	9.68921128	9.72059531044215	353054720	false(reach)	10.358241222	10.37994687166065	371625984	false(reach)	8.776227512	8.804502501152456	293830656	false(reach)	10.31301059	10.3370177783072	372301824	false(reach)	10.357466368	10.393820099532604	377982976	false(reach)	8.150001592	8.184855572879314	285618176	false(reach)	9.642740551	9.663858109153807	294105088	false(reach)	9.856148303	9.88821198232472	289984512
ssh/s3_srvr.blast.01_false-unreach-call.i.cil.c	false(reach)	7.529647405	7.556671460159123	284495872	false(reach)	7.486887783	7.516286510042846	281358336	false(reach)	6.635026817	6.660987036302686	263331840	false(reach)	7.594228732	7.6280016945675015	264544256	false(reach)	7.497163451	7.521207634359598	280240128	false(reach)	6.790063003	6.816555100493133	230690816	false(reach)	7.735769247	7.754716161638498	275587072	false(reach)	7.517076864	7.548437566496432	247259136
ssh/s3_srvr.blast.02_false-unreach-call.i.cil.c	false(reach)	7.320094535	7.341845424845815	268554240	false(reach)	7.309660312	7.328385607339442	269070336	false(reach)	6.487695867	6.513540462590754	272379904	false(reach)	7.232889537	7.264530933462083	272969728	false(reach)	7.336860684	7.364627625793219	277565440	false(reach)	6.635618584	6.656827268190682	272265216	false(reach)	7.14881151	7.1759736984968185	281350144	false(reach)	6.799476778	6.814760968089104	273616896
ssh/s3_srvr.blast.03_false-unreach-call.i.cil.c	false(reach)	7.164509158	7.190030165947974	272797696	false(reach)	7.227074045	7.244203979149461	271302656	false(reach)	6.663111548	6.688710679300129	269271040	false(reach)	7.350301253	7.371737909503281	267096064	false(reach)	7.35994375	7.400618721731007	272277504	false(reach)	6.656816825	6.680389164946973	263901184	false(reach)	6.926422373	6.951992182061076	305680384	false(reach)	7.140655198	7.1672226544469595	301461504
ssh/s3_srvr.blast.04_false-unreach-call.i.cil.c	false(reach)	7.102973738	7.1367088770493865	272715776	false(reach)	7.151089492	7.179758067242801	285224960	false(reach)	6.608504971	6.635824454948306	271847424	false(reach)	7.172335381	7.1974139381200075	270581760	false(reach)	7.176394054	7.203759580850601	283955200	false(reach)	6.675356176	6.696611408144236	275918848	false(reach)	6.880082931	6.90404549241066	281522176	false(reach)	7.077415622	7.104806188493967	289509376
ssh/s3_srvr.blast.06_false-unreach-call.i.cil.c	false(reach)	15.037304498	15.058210346847773	456933376	false(reach)	15.617786554	15.64062984380871	457101312	false(reach)	11.694268717	11.718993969261646	373448704	false(reach)	15.283159182	15.310836114920676	473055232	false(reach)	14.755473831	14.785400026477873	471293952	false(reach)	11.360886941	11.37924929894507	345116672	false(reach)	11.686839455	11.713460586033762	358793216	false(reach)	11.950295649	11.96961207780987	361283584
ssh/s3_srvr.blast.07_false-unreach-call.i.cil.c	false(reach)	11.998746073	12.016117063350976	345518080	false(reach)	11.926229008	11.956723383627832	387723264	false(reach)	9.964278449	9.98552721645683	381149184	false(reach)	11.626465467	11.661273399367929	390103040	false(reach)	12.342602979	12.368340564891696	376729600	false(reach)	10.276607516	10.29646069649607	391835648	false(reach)	11.674519863	11.701524633914232	377380864	false(reach)	12.55615109	12.580984835512936	361639936
ssh/s3_srvr.blast.08_false-unreach-call.i.cil.c	false(reach)	51.922261684	51.94283198006451	1542062080	false(reach)	50.861494359	50.886702979914844	1286135808	false(reach)	32.042441427	32.054133211262524	1283522560	false(reach)	60.510024156	60.52682359237224	1380528128	false(reach)	58.563845363	58.58717662002891	1491107840	false(reach)	32.29941988	32.31896114256233	1262002176	false(reach)	24.071064052	24.094232848845422	478986240	false(reach)	29.550376677	29.57849366404116	722092032
ssh/s3_srvr.blast.09_false-unreach-call.i.cil.c	false(reach)	13.027758391	13.047212479636073	377561088	false(reach)	11.930925613	11.954845462925732	359518208	false(reach)	10.19065149	10.206710967235267	369475584	false(reach)	12.961728486	12.986306429840624	375967744	false(reach)	13.319836908	13.343128385953605	395935744	false(reach)	10.361142062	10.384802027605474	290058240	false(reach)	10.922427211	10.943722183816135	356425728	false(reach)	12.049578852	12.082854500971735	342228992
ssh/s3_srvr.blast.10_false-unreach-call.i.cil.c	false(reach)	54.405007626	54.41621990501881	1293021184	false(reach)	54.928390921	54.94577280245721	1319649280	false(reach)	36.720513642	36.73477171547711	1279430656	false(reach)	59.71070276	59.738838128745556	1317244928	false(reach)	49.891559194	49.91455431468785	1197039616	false(reach)	41.327985749	41.34049230348319	1396695040	false(reach)	24.888540252	24.91040761768818	574607360	false(reach)	32.072877581	32.09059688448906	974512128
ssh/s3_srvr.blast.11_false-unreach-call.i.cil.c	false(reach)	9.255991912	9.268954652361572	276144128	false(reach)	9.254205027	9.27855530101806	293093376	false(reach)	8.220679149	8.25699145719409	293732352	false(reach)	9.190079958	9.222665813751519	287547392	false(reach)	9.057542815	9.090611724182963	281276416	false(reach)	8.225565499	8.252543252892792	282836992	false(reach)	9.081685664	9.109127261675894	306712576	false(reach)	9.164460767	9.184989617206156	299089920
ssh/s3_srvr.blast.12_false-unreach-call.i.cil.c	false(reach)	14.536742914	14.557567505165935	419774464	false(reach)	15.129818169	15.152937937527895	391897088	false(reach)	11.105317788	11.136772994883358	355995648	false(reach)	15.77319623	15.786344911903143	541831168	false(reach)	14.629755817	14.649263207800686	478707712	false(reach)	11.820363237	11.841117200441658	388317184	false(reach)	12.343200295	12.369485731236637	355135488	false(reach)	9.915181132	9.948998589999974	290160640
ssh/s3_srvr.blast.13_false-unreach-call.i.cil.c	false(reach)	12.640147321	12.661017830483615	410357760	false(reach)	12.525868118	12.548807210288942	375332864	false(reach)	9.859586424	9.871030369773507	332910592	false(reach)	13.035236737	13.053086989559233	400953344	false(reach)	12.84912605	12.863200903870165	401219584	false(reach)	10.542685883	10.562415020540357	350040064	false(reach)	11.522381596	11.556942011229694	361852928	false(reach)	11.736285048	11.758736466988921	358268928
ssh/s3_srvr.blast.14_false-unreach-call.i.cil.c	false(reach)	14.364004491	14.41580253187567	390041600	false(reach)	14.179309732	14.208406693302095	434909184	false(reach)	10.534992009	10.563052063807845	346918912	false(reach)	16.416709351	16.437691968865693	541253632	false(reach)	16.250590389	16.270196843892336	503787520	false(reach)	11.992535226	12.008747851476073	506527744	false(reach)	11.386118577	11.41137077100575	368746496	false(reach)	11.695919928	11.718964094296098	363286528
ssh/s3_srvr.blast.15_false-unreach-call.i.cil.c	false(reach)	49.234088974	49.25081323180348	1286467584	false(reach)	52.340058208	52.35831503663212	1300885504	false(reach)	33.172923156	33.18540543690324	1040273408	false(reach)	62.982892842	62.99881932605058	1546141696	false(reach)	56.22062755	56.246670694090426	1415397376	false(reach)	35.643099895	35.66257458087057	1075740672	false(reach)	22.140314217	22.16949451342225	521887744	false(reach)	27.648557724	27.665738938376307	630120448
ssh/s3_srvr.blast.16_false-unreach-call.i.cil.c	false(reach)	15.771644577	15.791094597429037	462462976	false(reach)	15.566453689	15.586273566819727	483045376	false(reach)	11.160960668	11.185428992845118	453726208	false(reach)	15.550214496	15.570189545862377	451907584	false(reach)	15.860335452	15.882570745423436	453042176	false(reach)	11.40156832	11.42477430216968	405696512	false(reach)	11.319737445	11.345525414682925	369160192	false(reach)	12.034759806	12.058197062462568	375599104
ssh/s3_clnt.blast.01_true-unreach-call.i.cil.c	true	116.692544869	116.70729931350797	1939144704	true	188.669900352	188.6766193928197	2645344256	true	119.914496821	119.91829442419112	2619654144	true	182.359334221	182.3492820682004	2624106496	true	190.193507271	190.20193609409034	2611843072	true	124.086060021	124.1009664973244	2639892480	true	60.264345186	60.27692924719304	1660452864	true	104.270450711	104.2832727720961	1497325568
ssh/s3_clnt.blast.02_true-unreach-call.i.cil.c	true	76.313870846	76.32830149959773	1775075328	true	89.80387667	89.82457360904664	1846935552	true	117.720426469	117.72307911794633	2646622208	true	133.966660161	133.97450293134898	2594967552	true	110.805931136	110.82988689094782	2522914816	true	129.600670114	129.61002340447158	2634698752	true	36.499487233	36.518965168856084	833662976	true	82.210045808	82.23386681824923	2300309504
ssh/s3_clnt.blast.03_true-unreach-call.i.cil.c	true	176.194653338	176.1978785218671	2621497344	true	185.599738397	185.6101904567331	2619412480	true	126.298145948	126.30640345718712	2628702208	true	146.203720073	146.21194834820926	2603016192	true	143.990723284	144.00620787311345	2618241024	TIMEOUT	901.027369592	900.9462444344535	2810253312	true	25.267126685	25.28290137834847	492679168	true	23.986826339	24.018994974903762	522104832
ssh/s3_clnt.blast.04_true-unreach-call.i.cil.c	true	128.98141638	128.987189036794	2490580992	TIMEOUT	901.026775572	900.96658548899	2691842048	true	65.188148519	65.20154925249517	2304176128	true	150.782505218	150.790206332691	2614902784	true	180.550877501	180.55816471762955	2616717312	true	372.555139252	372.55138324946165	2713968640	true	35.636866027	35.65242955181748	905535488	true	18.73314433	18.75744018983096	566702080
ssh/s3_srvr.blast.01_true-unreach-call.i.cil.c	TIMEOUT	900.983206854	900.9099779091775	2696613888	TIMEOUT	900.968160459	900.9002500604838	2764804096	TIMEOUT	901.015868162	900.9444745033979	2851565568	TIMEOUT	901.019347498	900.9456367595121	2696777728	TIMEOUT	903.225489116	903.1552323317155	2738745344	TIMEOUT	904.936749066	904.8753312341869	2845380608	true	60.945889464	60.96615801937878	1407135744	true	77.717380584	77.7356030298397	2105159680
ssh/s3_srvr.blast.02_true-unreach-call.i.cil.c	TIMEOUT	902.542408499	902.49147772789	2771935232	TIMEOUT	901.02407013	900.9740493418649	2796716032	TIMEOUT	900.993945942	900.9324298473075	2821984256	TIMEOUT	901.014415736	900.9520263755694	2714054656	TIMEOUT	901.031460114	900.9686501054093	2770096128	TIMEOUT	901.01436975	900.9443255001679	2790920192	true	48.153221495	48.167309476062655	943026176	true	24.236539529	24.258135432377458	661385216
ssh/s3_srvr.blast.06_true-unreach-call.i.cil.c	TIMEOUT	901.025403897	900.9806886082515	2767511552	TIMEOUT	901.018408396	900.9566848035902	2777186304	TIMEOUT	900.988703333	900.9228513818234	2755198976	TIMEOUT	901.036139103	900.9812831254676	2657579008	TIMEOUT	900.993701327	900.9136635046452	2666852352	TIMEOUT	901.589360987	901.5320293288678	2866356224	true	497.550142893	497.5205767089501	2926362624	true	241.300545272	241.3012438658625	2671480832
ssh/s3_srvr.blast.07_true-unreach-call.i.cil.c	TIMEOUT	901.017585071	900.9592490149662	2788831232	TIMEOUT	901.047172369	900.9854609146714	2817613824	TIMEOUT	900.981186058	900.9295621337369	2736918528	TIMEOUT	901.879513291	901.8065531477332	2768867328	TIMEOUT	901.926031659	901.8630409082398	2753642496	TIMEOUT	902.124039158	902.0936874980107	2780049408	true	57.095560007	57.110693908296525	772157440	true	94.980081634	95.00071390997618	1558994944
ssh/s3_srvr.blast.08_true-unreach-call.i.cil.c	TIMEOUT	902.086404647	902.025494299829	2739216384	TIMEOUT	901.616690129	901.5394353214651	2725801984	TIMEOUT	900.989874533	900.933610804379	2852040704	TIMEOUT	901.099983097	901.0383136169985	2719289344	TIMEOUT	901.320529044	901.262264220044	2751082496	TIMEOUT	901.152014183	901.0972304427996	2862878720	true	66.444293737	66.467104928568	1481310208	true	332.136782151	332.1274246023968	2783072256
ssh/s3_srvr.blast.09_true-unreach-call.i.cil.c	TIMEOUT	901.019707763	900.9607459018007	2652004352	TIMEOUT	901.361351489	901.2924267938361	2826256384	TIMEOUT	901.077651622	901.0190929323435	2916057088	TIMEOUT	901.830020449	901.769840487279	2750513152	TIMEOUT	901.038882915	900.9887602524832	2750615552	TIMEOUT	902.819843788	902.746237010695	2834386944	TIMEOUT	901.116629034	901.0513112079352	2621669376	true	69.0739155	69.09035373758525	1218473984
ssh/s3_srvr.blast.10_true-unreach-call.i.cil.c	TIMEOUT	901.005974637	900.9316298337653	2666459136	TIMEOUT	902.148437441	902.0932296821848	2763001856	TIMEOUT	909.865010317	909.7839912809432	2860548096	TIMEOUT	901.132766323	901.0709937121719	2720153600	TIMEOUT	901.947768302	901.8917729165405	2767679488	TIMEOUT	901.157086921	901.0738986711949	2792202240	true	20.073942774	20.11006062477827	591519744	true	22.855429972	22.871717903763056	677392384
ssh/s3_srvr.blast.11_true-unreach-call.i.cil.c	TIMEOUT	900.997413802	900.9254161361605	2838904832	TIMEOUT	901.039878873	900.9719250202179	2811740160	TIMEOUT	901.014741264	900.9510028911754	2857541632	TIMEOUT	902.167684528	902.1093656858429	2758094848	TIMEOUT	901.055567005	901.0666663860902	2806038528	TIMEOUT	901.063622404	901.0015689944848	2846371840	true	70.8440894	70.85907256230712	1221779456	true	165.566616533	165.56078482046723	1892909056
ssh/s3_srvr.blast.12_true-unreach-call.i.cil.c	TIMEOUT	901.142160148	901.0579427843913	2825326592	TIMEOUT	904.303541107	904.256885045208	2752409600	TIMEOUT	901.025978992	900.9734518099576	2788679680	TIMEOUT	902.985091165	902.9052289137617	2799083520	TIMEOUT	901.032623863	901.0168777583167	2791358464	TIMEOUT	902.324614955	902.2529917508364	2851491840	true	200.654825375	200.65880470350385	2095931392	true	88.986487948	89.00600934866816	1985757184
ssh/s3_srvr.blast.13_true-unreach-call.i.cil.c	TIMEOUT	901.047342709	900.9730276688933	2769690624	TIMEOUT	901.02010735	900.9560699909925	2739421184	TIMEOUT	901.034590231	900.9814532278106	2706984960	TIMEOUT	901.745147363	901.6655431669205	2730151936	TIMEOUT	901.043611739	900.9823573864996	2776088576	TIMEOUT	903.938137641	903.8732709567994	2840293376	true	32.092863807	32.105829721316695	506376192	true	48.399525048	48.415748679079115	704389120
ssh/s3_srvr.blast.14_true-unreach-call.i.cil.c	TIMEOUT	901.948103259	901.886447862722	2743685120	TIMEOUT	901.01202253	900.9435106515884	2815918080	TIMEOUT	901.071186475	900.9814938372001	2864848896	TIMEOUT	901.023661193	900.9609910175204	2754023424	TIMEOUT	901.024390109	900.9769368749112	2662866944	TIMEOUT	902.398375087	902.3494076775387	2813677568	true	294.079968692	294.07297881226987	2708860928	true	142.032674543	142.03900684509426	2657669120
ssh/s3_srvr.blast.15_true-unreach-call.i.cil.c	TIMEOUT	900.981038512	900.9121999908239	2716844032	TIMEOUT	901.134460324	901.0746297063306	2811265024	TIMEOUT	900.996453306	900.9111355720088	2651631616	TIMEOUT	903.810462488	903.7570005133748	2743455744	TIMEOUT	901.704433977	901.6451511951163	2765881344	TIMEOUT	901.009860103	900.933665313758	2860650496	true	204.5701197	204.56508082617074	2664103936	true	86.910575529	86.93076749239117	2101633024
ssh/s3_srvr.blast.16_true-unreach-call.i.cil.c	TIMEOUT	901.030505154	900.9653232330456	2804723712	TIMEOUT	901.020926662	900.9475172683597	2621308928	TIMEOUT	901.034880152	900.9696401832625	2753794048	TIMEOUT	901.039320382	900.9725086353719	2729656320	TIMEOUT	901.050939046	900.9879454793409	2606768128	TIMEOUT	901.021011708	900.9492291398346	2674360320	true	244.209173719	244.20939846057445	2704445440	TIMEOUT	901.062310581	900.9980150554329	3040071680
