tool	CPAchecker 1.4-svn dcb0f93+	CPAchecker 1.4-svn dcb0f93+	CPAchecker 1.4-svn dcb0f93+	CPAchecker 1.4-svn dcb0f93+	CPAchecker 1.4-svn dcb0f93+	CPAchecker 1.4-svn dcb0f93+	CPAchecker 1.4-svn dcb0f93+	CPAchecker 1.4-svn dcb0f93+	CPAchecker 1.4-svn dcb0f93+	CPAchecker 1.4-svn dcb0f93+	CPAchecker 1.4-svn dcb0f93+	CPAchecker 1.4-svn dcb0f93+	CPAchecker 1.4-svn dcb0f93+	CPAchecker 1.4-svn dcb0f93+	CPAchecker 1.4-svn dcb0f93+	CPAchecker 1.4-svn dcb0f93+	CPAchecker 1.4-svn dcb0f93+	CPAchecker 1.4-svn dcb0f93+	CPAchecker 1.4-svn dcb0f93+	CPAchecker 1.4-svn dcb0f93+	CPAchecker 1.4-svn dcb0f93+	CPAchecker 1.4-svn dcb0f93+	CPAchecker 1.4-svn dcb0f93+	CPAchecker 1.4-svn dcb0f93+	CPAchecker 1.4-svn dcb0f93+	CPAchecker 1.4-svn dcb0f93+	CPAchecker 1.4-svn dcb0f93+	CPAchecker 1.4-svn dcb0f93+	CPAchecker 1.4-svn dcb0f93+	CPAchecker 1.4-svn dcb0f93+	CPAchecker 1.4-svn dcb0f93+	CPAchecker 1.4-svn dcb0f93+
run set	Dy-CSRPO-ABEl-FC	Dy-CSRPO-ABEl-FC	Dy-CSRPO-ABEl-FC	Dy-CSRPO-ABEl-FC	Dy-CSRPO-ABEl-FCm	Dy-CSRPO-ABEl-FCm	Dy-CSRPO-ABEl-FCm	Dy-CSRPO-ABEl-FCm	Dy-CSRPO-ABEl	Dy-CSRPO-ABEl	Dy-CSRPO-ABEl	Dy-CSRPO-ABEl	Dy-CSRPO-PredAbs-ABEl	Dy-CSRPO-PredAbs-ABEl	Dy-CSRPO-PredAbs-ABEl	Dy-CSRPO-PredAbs-ABEl	Dy-CSRPO-PredAbs-ABElf	Dy-CSRPO-PredAbs-ABElf	Dy-CSRPO-PredAbs-ABElf	Dy-CSRPO-PredAbs-ABElf	Dy-CSRPO-lf-FC	Dy-CSRPO-lf-FC	Dy-CSRPO-lf-FC	Dy-CSRPO-lf-FC	Dy-CSRPO-lf-FCm	Dy-CSRPO-lf-FCm	Dy-CSRPO-lf-FCm	Dy-CSRPO-lf-FCm	Dy-CSRPO-lf	Dy-CSRPO-lf	Dy-CSRPO-lf	Dy-CSRPO-lf
sv-comp/	status	cputime (s)	walltime (s)	memUsage	status	cputime (s)	walltime (s)	memUsage	status	cputime (s)	walltime (s)	memUsage	status	cputime (s)	walltime (s)	memUsage	status	cputime (s)	walltime (s)	memUsage	status	cputime (s)	walltime (s)	memUsage	status	cputime (s)	walltime (s)	memUsage	status	cputime (s)	walltime (s)	memUsage
ntdrivers/cdaudio_false-unreach-call.i.cil.c	TIMEOUT	901.168519406	901.1085863457993	2686177280	TIMEOUT	901.009699926	900.9451234089211	2715308032	TIMEOUT	900.972439637	900.9173300312832	2695073792	TIMEOUT	901.412518842	901.4577068751678	3462537216	TIMEOUT	901.027196913	900.9784038499929	2927001600	TIMEOUT	900.970468985	900.9333611368202	2662506496	TIMEOUT	902.959668113	902.8879773146473	2690142208	TIMEOUT	901.052104847	900.9730079043657	2727247872
ntdrivers/diskperf_false-unreach-call.i.cil.c	false(reach)	9.177635595	9.210427732672542	293765120	false(reach)	8.966353719	8.99786232970655	286334976	false(reach)	9.242913726	9.277039128355682	284274688	false(reach)	9.241841566	9.267202893737704	243707904	false(reach)	23.130202119	23.151287157088518	565710848	false(reach)	19.615577451	19.63372500380501	475865088	false(reach)	21.339775856	21.361839144024998	473219072	false(reach)	49.025146689	49.03922647796571	1056481280
ntdrivers/floppy_false-unreach-call.i.cil.c	false(reach)	147.999416374	148.01689611468464	2661183488	false(reach)	153.035266934	153.04356323508546	2661732352	false(reach)	250.793020296	250.7968278466724	2713116672	false(reach)	86.269857664	86.28492120373994	2360680448	false(reach)	50.12092386	50.14231543708593	1005355008	false(reach)	37.057803722	37.087081727106124	1154195456	false(reach)	37.558651418	37.58678460586816	1226002432	false(reach)	50.337958776	50.36027022032067	2052050944
ntdrivers/kbfiltr_false-unreach-call.i.cil.c	false(reach)	6.95688844	6.980264198035002	273207296	false(reach)	6.954754429	6.975233891047537	278237184	false(reach)	6.868338616	6.892280941363424	255893504	false(reach)	7.012759716	7.044125881977379	281022464	false(reach)	10.990670941	11.012841880787164	342274048	false(reach)	7.380475265	7.403693745844066	270123008	false(reach)	7.257099984	7.288071719929576	267091968	false(reach)	7.28517029	7.312951736152172	261681152
ntdrivers/parport_false-unreach-call.i.cil.c	ERROR (recursion)	8.410934303	8.428577708080411	237019136	ERROR (recursion)	8.329807151	8.352550835814327	238362624	ERROR (recursion)	8.203962669	8.225147905293852	244555776	ERROR (recursion)	7.929798526	7.943188934121281	247119872	ERROR (recursion)	14.424584863	14.449925940018147	400900096	TIMEOUT	901.011871436	900.9426828119904	2676125696	TIMEOUT	901.083239241	901.0088507090695	2690994176	TIMEOUT	909.309120033	909.3883446035907	7702401024
ntdrivers/cdaudio_true-unreach-call.i.cil.c	true	22.622848951	22.6467980328016	526954496	true	23.69073482	23.71412732079625	495153152	true	26.17816643	26.198049366939813	670654464	true	21.686942825	21.71730312006548	627183616	true	66.254300017	66.27083203010261	1485967360	true	19.279975116	19.309084489941597	565825536	true	19.285362589	19.31371356314048	523583488	true	27.78760181	32.537715220823884	852340736
ntdrivers/diskperf_true-unreach-call.i.cil.c	true	9.269123363	9.28840624820441	288972800	true	9.5674887	9.596428123768419	301629440	true	9.795728704	9.827277494594455	297934848	true	10.062885299	10.080120729282498	307740672	true	43.551933055	43.57073818612844	984244224	true	23.164806256	23.177604116033763	516931584	true	23.740661996	23.765964068006724	516685824	true	71.350598079	71.3917594938539	1663541248
ntdrivers/floppy2_true-unreach-call.i.cil.c	true	42.64649457	42.664493694901466	1001426944	true	45.276295429	45.303253864869475	944545792	true	313.146973259	313.1349646979943	2868473856	true	90.91422872	90.92312408518046	2407600128	true	75.203137168	75.22006151173264	1520451584	true	41.758159179	41.781878327950835	705474560	true	53.572384753	53.59114184603095	778964992	true	441.718474653	441.6887394259684	2798919680
ntdrivers/floppy_true-unreach-call.i.cil.c	true	154.323128632	154.3333315080963	2668351488	true	159.601919379	159.60991017892957	2677919744	true	283.472739724	283.46375930309296	2725154816	true	97.511555884	97.53306649392471	2488754176	true	94.110514136	94.12134152278304	2403397632	true	76.704154599	76.7188037740998	2382708736	true	68.430708349	68.44571825303137	2135937024	true	83.328996246	83.33858802402392	2552217600
ntdrivers/parport_true-unreach-call.i.cil.c	ERROR (recursion)	8.177258887	8.203892863821238	243064832	ERROR (recursion)	8.647107275	8.663905608002096	245547008	ERROR (recursion)	7.980754353	8.00310060242191	235352064	ERROR (recursion)	7.892891365	7.923442129977047	243933184	ERROR (recursion)	14.018163576	14.037679833825678	437563392	TIMEOUT	901.001252953	900.9348153215833	2710171648	TIMEOUT	901.044757698	900.9800457521342	2680627200	TIMEOUT	991.05062288	990.9678763649426	7728173056
ssh/s3_clnt.blast.01_false-unreach-call.i.cil.c	false(reach)	12.595772519	12.621881844941527	375017472	false(reach)	12.290238638	12.31281490623951	380841984	false(reach)	10.06358624	10.08094235882163	331689984	false(reach)	12.410337928	12.433130420278758	356872192	false(reach)	12.413505593	12.4259193376638	381661184	false(reach)	12.901527013	12.917761120013893	350547968	false(reach)	12.540953698	12.560518083162606	367587328	false(reach)	10.413448915	10.471575755160302	337342464
ssh/s3_clnt.blast.02_false-unreach-call.i.cil.c	false(reach)	10.27919523	10.300644253846258	377290752	false(reach)	9.89801216	9.911218575201929	359477248	false(reach)	8.894443256	8.926237361039966	275976192	false(reach)	9.554267089	9.584636396728456	294596608	false(reach)	9.325891431	9.356436958070844	284209152	false(reach)	10.293631609	10.318702602293342	358612992	false(reach)	9.963223547	9.988474734127522	344813568	false(reach)	8.521307625	8.564901750069112	283164672
ssh/s3_clnt.blast.03_false-unreach-call.i.cil.c	false(reach)	9.782909047	9.810224807821214	342720512	false(reach)	10.005814798	10.032938772812486	384954368	false(reach)	8.459386596	8.480360813904554	271470592	false(reach)	9.366988966	9.388477003201842	293478400	false(reach)	9.313067247	9.33022350911051	298893312	false(reach)	10.117491451	10.144662441685796	354713600	false(reach)	10.030143624	10.056737924925983	380534784	false(reach)	8.980261281	9.004515640437603	286511104
ssh/s3_clnt.blast.04_false-unreach-call.i.cil.c	false(reach)	10.101764324	10.129180838819593	379535360	false(reach)	10.379162551	10.404946168884635	369549312	false(reach)	8.739137742	8.772930416278541	294756352	false(reach)	9.717531156	9.744604761246592	295129088	false(reach)	9.833588784	9.860724946018308	300617728	false(reach)	10.266400585	10.29264999832958	355364864	false(reach)	10.157827593	10.184674507007003	366686208	false(reach)	8.097844872	8.12062914390117	276774912
ssh/s3_srvr.blast.01_false-unreach-call.i.cil.c	false(reach)	7.605999956	7.636864857748151	286355456	false(reach)	7.63949066	7.664135407656431	259911680	false(reach)	6.681898739	6.704484462272376	275603456	false(reach)	7.614575567	7.640502555761486	257036288	false(reach)	7.610884013	7.632643798366189	278695936	false(reach)	7.543342956	7.5728850439190865	278298624	false(reach)	7.544674573	7.568317618686706	271122432	false(reach)	6.971069143	6.99712518369779	263385088
ssh/s3_srvr.blast.02_false-unreach-call.i.cil.c	false(reach)	7.169867703	7.1924160942435265	274759680	false(reach)	7.275301128	7.2931932881474495	275927040	false(reach)	6.677177661	6.704488922841847	261767168	false(reach)	7.027223619	7.045166905969381	301060096	false(reach)	6.888256449	6.915656317025423	298835968	false(reach)	7.377767003	7.404417851939797	265924608	false(reach)	7.457349448	7.481076478026807	280735744	false(reach)	6.613123783	6.644357303157449	270667776
ssh/s3_srvr.blast.03_false-unreach-call.i.cil.c	false(reach)	7.255160786	7.2757813152857125	277782528	false(reach)	7.284932353	7.319429658353329	284020736	false(reach)	6.533594986	6.556593650020659	269717504	false(reach)	6.927099986	6.94766915217042	300072960	false(reach)	7.132303891	7.154084801208228	279310336	false(reach)	7.249092198	7.264446546789259	268488704	false(reach)	7.42903624	7.464600966311991	268943360	false(reach)	6.753905717	6.779575748834759	275017728
ssh/s3_srvr.blast.04_false-unreach-call.i.cil.c	false(reach)	7.314237226	7.3407535697333515	279531520	false(reach)	7.265076914	7.288436223287135	265371648	false(reach)	6.750962317	6.7670935350470245	270827520	false(reach)	6.88034451	6.901983212213963	272936960	false(reach)	6.973449726	6.99624902009964	281145344	false(reach)	7.136039391	7.159693002235144	274731008	false(reach)	7.294187018	7.315438956953585	271613952	false(reach)	6.858088597	6.888495936989784	268066816
ssh/s3_srvr.blast.06_false-unreach-call.i.cil.c	false(reach)	15.317169268	15.333246984984726	473063424	false(reach)	15.306539471	15.339558337349445	422072320	false(reach)	11.693376281	11.710018683224916	367980544	false(reach)	11.776321679	11.797082041855901	370728960	false(reach)	11.716887437	11.748499600216746	308273152	false(reach)	15.016481305	15.037357572931796	470257664	false(reach)	14.715943406	14.744762341026217	399278080	false(reach)	11.993955812	12.00766726071015	374730752
ssh/s3_srvr.blast.07_false-unreach-call.i.cil.c	false(reach)	12.067013658	12.082378521095961	378183680	false(reach)	12.335209538	12.360671123024076	391979008	false(reach)	9.976382658	9.99357460718602	356012032	false(reach)	11.791142759	11.82210474088788	360910848	false(reach)	12.863059204	12.896917474921793	368193536	false(reach)	12.254897979	12.273050969000906	409489408	false(reach)	12.17368608	12.193252092693001	390701056	false(reach)	10.235039626	10.256925853900611	393601024
ssh/s3_srvr.blast.08_false-unreach-call.i.cil.c	false(reach)	52.058975185	52.083402327727526	1356623872	false(reach)	51.018025964	51.035008751787245	1303633920	false(reach)	30.150634934	30.17107806308195	1140207616	false(reach)	23.864473657	23.89360211743042	503513088	false(reach)	30.150119707	30.17379515990615	820334592	false(reach)	61.997970283	62.01542986603454	1660928000	false(reach)	60.737298405	60.755202843341976	1224540160	false(reach)	32.827062666	32.840551706030965	1080647680
ssh/s3_srvr.blast.09_false-unreach-call.i.cil.c	false(reach)	13.076122017	13.095302410889417	398450688	false(reach)	11.93441559	11.95552099077031	386183168	false(reach)	10.142684918	10.169214847963303	399794176	false(reach)	11.18268005	11.207298504654318	355856384	false(reach)	12.467568107	12.48714307602495	362569728	false(reach)	13.310156194	13.335691167972982	403873792	false(reach)	13.051194798	13.070868950802833	391372800	false(reach)	10.687087911	10.721224911045283	389967872
ssh/s3_srvr.blast.10_false-unreach-call.i.cil.c	false(reach)	51.609889614	51.621991341002285	1245401088	false(reach)	54.481422958	54.502680922392756	1417121792	false(reach)	36.819681317	36.836844390723854	1360994304	false(reach)	23.523676886	23.54184129042551	524812288	false(reach)	31.48737682	31.506733271293342	1002762240	false(reach)	58.648478019	58.67006008978933	1180811264	false(reach)	49.880391077	49.90298130083829	1251680256	false(reach)	37.392893627	37.40088433586061	1272999936
ssh/s3_srvr.blast.11_false-unreach-call.i.cil.c	false(reach)	9.213164716	9.224968200083822	290467840	false(reach)	9.194794983	9.223229043185711	284942336	false(reach)	8.193867806	8.220607107970864	299008000	false(reach)	9.213744521	9.24486976582557	305971200	false(reach)	9.129065294	9.15220022527501	298700800	false(reach)	9.43476532	9.460303831845522	306094080	false(reach)	9.25106362	9.279068707022816	305360896	false(reach)	8.478039071	8.50547835463658	280924160
ssh/s3_srvr.blast.12_false-unreach-call.i.cil.c	false(reach)	15.236265177	15.260888639837503	469979136	false(reach)	15.184941372	15.204738614149392	433266688	false(reach)	11.643654073	11.661815593019128	357019648	false(reach)	12.318211632	12.348626030609012	359120896	false(reach)	9.593105603	9.621621205005795	319791104	false(reach)	15.202496251	15.224905248265713	463560704	false(reach)	14.703118681	14.729344656225294	486989824	false(reach)	11.754545202	11.780712909065187	380239872
ssh/s3_srvr.blast.13_false-unreach-call.i.cil.c	false(reach)	12.577274365	12.600466241128743	397697024	false(reach)	12.436659128	12.461760479956865	393756672	false(reach)	9.987215757	10.013020247220993	362442752	false(reach)	11.368631247	11.38926593074575	385015808	false(reach)	11.678824015	11.694356573745608	362422272	false(reach)	12.920755153	12.941028161905706	406089728	false(reach)	12.800152145	12.824955057818443	331165696	false(reach)	10.562822924	10.589177731890231	382357504
ssh/s3_srvr.blast.14_false-unreach-call.i.cil.c	false(reach)	14.792135083	14.816937658004463	451325952	false(reach)	14.396228398	14.421425611712039	457998336	false(reach)	10.452690907	10.47495970223099	366927872	false(reach)	11.15994893	11.185379751957953	331182080	false(reach)	11.852336335	11.876750315073878	361500672	false(reach)	16.18784413	16.209707604255527	494665728	false(reach)	16.598676115	16.619510993827134	493133824	false(reach)	12.295426609	12.311167392879725	465891328
ssh/s3_srvr.blast.15_false-unreach-call.i.cil.c	false(reach)	49.590688045	49.60413648188114	1255047168	false(reach)	52.790993803	52.807845322880894	1459793920	false(reach)	35.126008596	35.1463512070477	1042788352	false(reach)	22.958208106	22.972917253151536	527159296	false(reach)	25.550311253	25.573656194843352	637014016	false(reach)	60.988470551	61.00054430915043	1627811840	false(reach)	54.416079386	54.438457902055234	1231556608	false(reach)	34.691856486	34.70642814831808	895102976
ssh/s3_srvr.blast.16_false-unreach-call.i.cil.c	false(reach)	15.656491144	15.683217635843903	469524480	false(reach)	15.738599865	15.75501920375973	466817024	false(reach)	11.781876704	11.801188805140555	460550144	false(reach)	11.427685665	11.45330993225798	385536000	false(reach)	11.653874051	11.680583579931408	366919680	false(reach)	15.300170572	15.330310247838497	344309760	false(reach)	16.132021773	16.15462375804782	473640960	false(reach)	11.670860787	11.688682049978524	413368320
ssh/s3_clnt.blast.01_true-unreach-call.i.cil.c	true	110.541380722	110.54863641783595	2081550336	true	183.423795811	183.4210008829832	2648371200	true	121.063275336	121.07323961239308	2658357248	true	60.268523656	60.29345932789147	1700552704	true	104.886238132	104.90272202575579	1452851200	true	182.931490658	182.94095923984423	2621399040	true	194.673498314	194.67323931213468	2617663488	true	125.116691751	125.14209458604455	2624057344
ssh/s3_clnt.blast.02_true-unreach-call.i.cil.c	true	74.682911742	74.7052152059041	1691357184	true	87.006162548	87.01686913706362	1936748544	true	115.325408123	115.33459848817438	2636533760	true	36.674073734	36.69985826127231	796225536	true	83.183711911	83.19982717791572	2444771328	true	130.434803108	130.44041655631736	2463363072	true	115.791475971	115.8307724329643	2513256448	true	129.159436049	129.17518896702677	2628739072
ssh/s3_clnt.blast.03_true-unreach-call.i.cil.c	true	178.953158645	178.95225298730657	2645131264	true	186.310080277	186.32196157984436	2644738048	true	120.392278957	120.40179925784469	2631073792	true	24.297565035	24.327667695004493	570908672	true	23.924312818	23.950759330764413	548810752	true	143.101286146	143.12222954491153	2561245184	true	141.526658291	141.53804126987234	2487267328	TIMEOUT	901.013506567	900.9546426967718	2833657856
ssh/s3_clnt.blast.04_true-unreach-call.i.cil.c	true	125.58973225	125.60224067792296	2395283456	TIMEOUT	901.016456073	900.95661179116	2717138944	true	64.607517426	64.61514729773626	1828122624	true	34.423568704	34.44763218332082	937103360	true	19.181666058	19.20539026800543	545492992	true	150.955411103	150.96747987018898	2633121792	true	181.13862549	181.1469376650639	2620542976	true	366.629237087	366.6257972032763	2699444224
ssh/s3_srvr.blast.01_true-unreach-call.i.cil.c	TIMEOUT	901.010599932	900.9450805918314	2698608640	TIMEOUT	901.039529093	900.9690689882264	2763874304	TIMEOUT	900.998102028	900.9306342410855	2848890880	true	57.359610456	57.37609312403947	1398161408	true	81.579378818	81.59236162807792	2059403264	TIMEOUT	900.984902626	900.9099514209665	2710114304	TIMEOUT	902.804062218	902.7449256461114	2790846464	TIMEOUT	906.724909986	906.6590067171492	2841694208
ssh/s3_srvr.blast.02_true-unreach-call.i.cil.c	TIMEOUT	901.012824926	900.9466047189198	2756825088	TIMEOUT	901.103204241	901.0360615020618	2784370688	TIMEOUT	901.578163951	901.5230457619764	2786869248	true	46.232888389	46.25136461900547	862507008	true	22.826155504	22.84699084283784	608903168	TIMEOUT	901.034815268	900.9708075039089	2728501248	TIMEOUT	901.011892017	900.9662449178286	2761773056	TIMEOUT	901.0775003	900.9925360530615	2780430336
ssh/s3_srvr.blast.06_true-unreach-call.i.cil.c	TIMEOUT	901.000467595	900.9450660273433	2764541952	TIMEOUT	901.002205142	900.9291210868396	2794672128	TIMEOUT	900.980514702	900.9219489749521	2777944064	true	495.307371176	495.28178479801863	2912923648	true	243.915645707	243.9161303038709	2718838784	TIMEOUT	900.978129782	900.9088716870174	2702045184	TIMEOUT	901.052684228	900.9969660127535	2667528192	TIMEOUT	902.048023323	901.975207013078	2880282624
ssh/s3_srvr.blast.07_true-unreach-call.i.cil.c	TIMEOUT	901.069763368	901.0191628178582	2780659712	TIMEOUT	901.30704177	901.24233292602	2856132608	TIMEOUT	901.038124939	900.9745223582722	2734297088	true	55.399917801	55.41898845974356	887197696	true	96.859960219	96.87250065198168	1571684352	TIMEOUT	901.03525656	900.9664063998498	2751934464	TIMEOUT	901.233457974	901.1710928529501	2771324928	TIMEOUT	901.050190209	900.9853876032867	2778337280
ssh/s3_srvr.blast.08_true-unreach-call.i.cil.c	TIMEOUT	901.242865036	901.1763708768412	2760974336	TIMEOUT	901.122666961	901.0699877212755	2735017984	TIMEOUT	901.079539405	901.0004460220225	2812366848	true	64.477835248	64.48969782423228	1438814208	true	330.205715587	330.1991327111609	2771230720	TIMEOUT	900.710206548	900.6483543170616	2735566848	TIMEOUT	901.09910753	901.0460996851325	2751819776	TIMEOUT	901.24448268	901.184793306049	2842415104
ssh/s3_srvr.blast.09_true-unreach-call.i.cil.c	TIMEOUT	901.003615537	900.948234400712	2653945856	TIMEOUT	901.030885377	900.974217873998	2824667136	TIMEOUT	901.053604848	900.9873620471917	2877038592	TIMEOUT	901.109693855	901.0480089480989	2300108800	true	67.996801849	68.00854019308463	1384841216	TIMEOUT	901.393385891	901.3298104801215	2835234816	TIMEOUT	900.673757878	900.5549308098853	2816065536	TIMEOUT	901.750633207	901.6916871406138	2872090624
ssh/s3_srvr.blast.10_true-unreach-call.i.cil.c	TIMEOUT	901.046990617	900.9818146410398	2691637248	TIMEOUT	901.222380522	901.1665624389425	2768670720	TIMEOUT	903.803428035	903.7360834581777	2826395648	true	20.188832908	20.218063965439796	592293888	true	22.974054681	23.002349191345274	723435520	TIMEOUT	901.026041968	900.9658562820405	2735366144	TIMEOUT	901.244233929	901.1538409981877	2787405824	TIMEOUT	901.139289074	901.0813032053411	2780495872
ssh/s3_srvr.blast.11_true-unreach-call.i.cil.c	TIMEOUT	901.021944024	900.9516125279479	2841366528	TIMEOUT	901.033411714	900.981631536968	2833739776	TIMEOUT	901.032527337	900.9641786511056	2845868032	true	71.794105523	71.81274639675394	1287196672	true	172.041085981	172.04483017604798	1909641216	TIMEOUT	901.143444922	901.0748486169614	2786533376	TIMEOUT	901.048309203	900.997406788636	2774228992	TIMEOUT	901.34182605	901.2821779609658	2846146560
ssh/s3_srvr.blast.12_true-unreach-call.i.cil.c	TIMEOUT	901.026826396	900.9636488603428	2784784384	TIMEOUT	904.309404401	904.2416610312648	2773192704	TIMEOUT	901.036249679	900.9742709910497	2781642752	true	198.739383687	198.74132337700576	2417819648	true	90.439964433	90.45656915893778	2064588800	TIMEOUT	904.323818867	904.2620620550588	2762317824	TIMEOUT	901.03838875	900.993927184958	2782859264	TIMEOUT	903.689780228	903.6260532261804	2886119424
ssh/s3_srvr.blast.13_true-unreach-call.i.cil.c	TIMEOUT	901.048014184	900.9642869597301	2744406016	TIMEOUT	901.006781371	900.9299109671265	2734919680	TIMEOUT	901.027778827	900.9736215239391	2700320768	true	30.375440339	30.3936116672121	560304128	true	45.338865035	45.35170807596296	735440896	TIMEOUT	901.026157723	900.9572842391208	2762809344	TIMEOUT	901.137737631	901.0778661957011	2794618880	TIMEOUT	903.362957895	903.2990822801366	2808221696
ssh/s3_srvr.blast.14_true-unreach-call.i.cil.c	TIMEOUT	901.826481743	901.7644568108954	2764656640	TIMEOUT	901.08885535	901.0215896209702	2763976704	TIMEOUT	901.158904217	901.0846942663193	2860834816	true	293.257435976	293.24835478002205	2747736064	true	141.483418933	141.4828498819843	2664660992	TIMEOUT	901.080217909	901.0144517612644	2739924992	TIMEOUT	901.038122823	900.9681815998629	2657402880	TIMEOUT	902.352407999	902.2844860530458	2822897664
ssh/s3_srvr.blast.15_true-unreach-call.i.cil.c	TIMEOUT	901.008358122	900.9509915709496	2740604928	TIMEOUT	901.063874946	900.9981187297963	2804756480	TIMEOUT	900.966775587	900.8850195608102	2649075712	true	206.224080163	206.22875561285764	2719748096	true	85.699507576	85.71104118600488	2052190208	TIMEOUT	901.718397571	901.6472391691059	2763923456	TIMEOUT	903.150980117	903.0856204130687	2784600064	TIMEOUT	901.044518534	900.9933756529354	2858192896
ssh/s3_srvr.blast.16_true-unreach-call.i.cil.c	TIMEOUT	900.976277408	900.9143889797851	2793574400	TIMEOUT	901.039550165	900.9730720049702	2658881536	TIMEOUT	900.979920094	900.9113861108199	2775760896	true	240.838568248	240.83210606034845	2778624000	TIMEOUT	900.994907341	900.933392520994	2993549312	TIMEOUT	901.041980252	900.9701184122823	2705784832	TIMEOUT	901.024416973	900.9639890510589	2606407680	TIMEOUT	900.976756066	900.9014716558158	2672361472
