Filename,Dy-CSRPO-ABEl.csv-ComS,Dy-ABlkDFSCSRPO-ABEl.csv-ComS,Dy-ABlkBFSCSRPO-ABEl.csv-ComS,Dy-ABlkCSRPO-ABEl.csv-ComS,Dy-CSRPO-ABEl-FC.csv-ComS,Dy-ABlkDFSCSRPO-ABEl-FC.csv-ComS,Dy-ABlkBFSCSRPO-ABEl-FC.csv-ComS,Dy-ABlkCSRPO-ABEl-FC.csv-ComS,Dy-CSRPO-ABEl-FCm.csv-ComS,Dy-ABlkDFSCSRPO-ABEl-FCm.csv-ComS,Dy-ABlkBFSCSRPO-ABEl-FCm.csv-ComS,Dy-ABlkCSRPO-ABEl-FCm.csv-ComS,Dy-CSRPO-lf.csv-ComS,Dy-ABlkDFSCSRPO-lf.csv-ComS,Dy-ABlkBFSCSRPO-lf.csv-ComS,Dy-ABlkCSRPO-lf.csv-ComS,Dy-CSRPO-lf-FC.csv-ComS,Dy-ABlkDFSCSRPO-lf-FC.csv-ComS,Dy-ABlkBFSCSRPO-lf-FC.csv-ComS,Dy-ABlkCSRPO-lf-FC.csv-ComS,Dy-CSRPO-lf-FCm.csv-ComS,Dy-ABlkDFSCSRPO-lf-FCm.csv-ComS,Dy-ABlkBFSCSRPO-lf-FCm.csv-ComS,Dy-ABlkCSRPO-lf-FCm.csv-ComS,Dy-CSRPO-PredAbs-ABEl.csv-ComS,Dy-ABlkDFSCSRPO-PredAbs-ABEl.csv-ComS,Dy-ABlkBFSCSRPO-PredAbs-ABEl.csv-ComS,Dy-ABlkCSRPO-PredAbs-ABEl.csv-ComS,Dy-CSRPO-PredAbs-ABElf.csv-ComS,Dy-ABlkDFSCSRPO-PredAbs-ABElf.csv-ComS,Dy-ABlkBFSCSRPO-PredAbs-ABElf.csv-ComS,Dy-ABlkCSRPO-PredAbs-ABElf.csv-ComS
git/pacc_cpachecker/DyResults/Summary/s3_srvr.blast.16_false-unreach-call.i.cil.c.csv,2323.0,2391.0,2391.0,2391.0,2323.0,2391.0,2391.0,2391.0,2323.0,2391.0,2391.0,2391.0,2323.0,2385.0,2386.0,2385.0,2323.0,2385.0,2386.0,2385.0,2323.0,2385.0,2386.0,2385.0,5474.0,5620.0,5620.0,5620.0,5570.0,5711.0,5714.0,5710.0
git/pacc_cpachecker/DyResults/Summary/s3_srvr.blast.06_false-unreach-call.i.cil.c.csv,2376.0,2444.0,2444.0,2444.0,2376.0,2444.0,2444.0,2444.0,2376.0,2444.0,2444.0,2444.0,2376.0,2438.0,2439.0,2438.0,2376.0,2438.0,2439.0,2438.0,2376.0,2438.0,2439.0,2438.0,5613.0,5759.0,5759.0,5759.0,5709.0,5850.0,5853.0,5849.0
git/pacc_cpachecker/DyResults/Summary/diskperf_true-unreach-call.i.cil.c.csv,2116.0,2079.0,2079.0,2079.0,1986.0,1986.0,1986.0,1986.0,1986.0,1986.0,1986.0,1986.0,77324.0,80947.0,48783.0,85060.0,10466.0,15931.0,8390.0,12588.0,10966.0,16027.0,8390.0,16613.0,2115.0,2115.0,2115.0,2115.0,344796.0,129357.0,162625.0,207896.0
git/pacc_cpachecker/DyResults/Summary/cdaudio_true-unreach-call.i.cil.c.csv,6457.0,5524.0,5524.0,5524.0,5524.0,5524.0,5524.0,5524.0,5524.0,5524.0,5524.0,5524.0,15360.0,17352.0,14865.0,17100.0,7813.0,8876.0,7365.0,9381.0,8196.0,9056.0,7485.0,9621.0,9028.0,8811.0,8811.0,8811.0,566205.0,301271.0,491756.0,565304.0
git/pacc_cpachecker/DyResults/Summary/s3_clnt.blast.04_false-unreach-call.i.cil.c.csv,1966.0,2031.0,2031.0,2031.0,1966.0,2031.0,2031.0,2031.0,1966.0,2031.0,2031.0,2031.0,1966.0,2026.0,2027.0,2026.0,1966.0,2026.0,2027.0,2026.0,1966.0,2026.0,2027.0,2026.0,4305.0,4435.0,4435.0,4435.0,4340.0,4460.0,4462.0,4460.0
git/pacc_cpachecker/DyResults/Summary/s3_srvr.blast.08_true-unreach-call.i.cil.c.csv,8169.0,8432.0,8432.0,8432.0,7770.0,8020.0,8020.0,8020.0,7371.0,7608.0,7608.0,7608.0,7770.0,8000.0,8001.0,8000.0,7371.0,7589.0,7590.0,7589.0,7371.0,7589.0,7590.0,7589.0,30337.0,30649.0,30649.0,30649.0,51597.0,52520.0,52524.0,52519.0
git/pacc_cpachecker/DyResults/Summary/s3_srvr.blast.11_false-unreach-call.i.cil.c.csv,1867.0,1922.0,1922.0,1922.0,1867.0,1922.0,1922.0,1922.0,1867.0,1922.0,1922.0,1922.0,1867.0,1917.0,1918.0,1917.0,1867.0,1917.0,1918.0,1917.0,1867.0,1917.0,1918.0,1917.0,4154.0,4261.0,4261.0,4261.0,3756.0,3843.0,3843.0,3842.0
git/pacc_cpachecker/DyResults/Summary/s3_clnt.blast.01_true-unreach-call.i.cil.c.csv,5965.0,6013.0,6013.0,6013.0,5245.0,5293.0,5293.0,5293.0,5432.0,5432.0,5432.0,5432.0,6302.0,6357.0,6357.0,6357.0,5418.0,5418.0,5418.0,5418.0,5418.0,5418.0,5418.0,5418.0,17506.0,17878.0,17878.0,17878.0,17237.0,17567.0,17571.0,17567.0
git/pacc_cpachecker/DyResults/Summary/s3_srvr.blast.13_false-unreach-call.i.cil.c.csv,2272.0,2340.0,2340.0,2340.0,2272.0,2340.0,2340.0,2340.0,2272.0,2340.0,2340.0,2340.0,2272.0,2334.0,2335.0,2334.0,2272.0,2334.0,2335.0,2334.0,2272.0,2334.0,2335.0,2334.0,4964.0,5097.0,5097.0,5097.0,6028.0,6177.0,6178.0,6176.0
git/pacc_cpachecker/DyResults/Summary/s3_srvr.blast.02_false-unreach-call.i.cil.c.csv,1285.0,1327.0,1327.0,1327.0,1285.0,1327.0,1327.0,1327.0,1285.0,1327.0,1327.0,1327.0,1285.0,1323.0,1324.0,1323.0,1285.0,1323.0,1324.0,1323.0,1285.0,1323.0,1324.0,1323.0,1873.0,1928.0,1928.0,1928.0,1873.0,1924.0,1924.0,1923.0
git/pacc_cpachecker/DyResults/Summary/s3_srvr.blast.13_true-unreach-call.i.cil.c.csv,5472.0,5644.0,5644.0,5644.0,6839.0,7063.0,7063.0,7063.0,5955.5,6219.0,6165.0,6129.0,7072.0,7278.0,7279.0,7278.0,6338.8,6579.3,6508.7,6488.6,6672.0,6866.0,6867.0,6866.0,13802.0,13984.0,13984.0,13984.0,28021.0,28230.0,28231.0,28229.0
git/pacc_cpachecker/DyResults/Summary/s3_srvr.blast.11_true-unreach-call.i.cil.c.csv,7453.0,7690.0,7690.0,7690.0,6822.0,7046.0,7046.0,7046.0,6655.0,6866.0,6866.0,6866.0,6256.0,6438.0,6439.0,6438.0,6256.0,6438.0,6439.0,6438.0,6256.0,6438.0,6439.0,6438.0,27083.0,27278.0,27278.0,27278.0,35656.0,36073.0,36076.0,36072.0
git/pacc_cpachecker/DyResults/Summary/s3_srvr.blast.16_true-unreach-call.i.cil.c.csv,9651.0,9940.0,9940.0,9940.0,9313.66666667,9555.2,9594.0,9497.0,7071.0,7282.0,7282.0,7282.0,7071.0,7265.0,7266.0,7265.0,8361.0,8591.0,8592.0,8591.0,5351.0,5497.0,5498.0,5497.0,44019.0,44565.0,44565.0,44565.0,21889.0,22472.0,22474.0,22471.0
git/pacc_cpachecker/DyResults/Summary/s3_srvr.blast.01_false-unreach-call.i.cil.c.csv,1299.0,1338.0,1338.0,1338.0,1299.0,1338.0,1338.0,1338.0,1299.0,1338.0,1338.0,1338.0,1299.0,1334.0,1335.0,1334.0,1299.0,1334.0,1335.0,1334.0,1299.0,1334.0,1335.0,1334.0,2781.0,2856.0,2856.0,2856.0,2781.0,2850.0,2850.0,2849.0
git/pacc_cpachecker/DyResults/Summary/parport_true-unreach-call.i.cil.c.csv,5178.0,828.0,828.0,828.0,5178.0,828.0,828.0,828.0,5178.0,828.0,828.0,828.0,5986789.0,5485.0,1153.0,1710.0,10407.8888889,4556.0,1153.0,1710.0,22208.4444444,4556.0,1153.0,1710.0,5178.0,828.0,828.0,828.0,33402.0,101951.0,5318.0,1841.0
git/pacc_cpachecker/DyResults/Summary/s3_srvr.blast.10_false-unreach-call.i.cil.c.csv,3661.0,3781.0,3781.0,3781.0,3661.0,3781.0,3781.0,3781.0,3661.0,3781.0,3781.0,3781.0,3661.0,3771.0,3772.0,3771.0,3661.0,3771.0,3772.0,3771.0,3661.0,3771.0,3772.0,3771.0,8984.0,9260.0,9260.0,9260.0,11214.0,11539.0,11544.0,11538.0
git/pacc_cpachecker/DyResults/Summary/s3_srvr.blast.12_false-unreach-call.i.cil.c.csv,2217.0,2285.0,2285.0,2285.0,2217.0,2285.0,2285.0,2285.0,2217.0,2285.0,2285.0,2285.0,2217.0,2279.0,2280.0,2279.0,2217.0,2279.0,2280.0,2279.0,2217.0,2279.0,2280.0,2279.0,5196.0,5342.0,5342.0,5342.0,3902.0,4005.0,4007.0,4004.0
git/pacc_cpachecker/DyResults/Summary/s3_srvr.blast.07_true-unreach-call.i.cil.c.csv,6655.0,6866.0,6866.0,6866.0,6961.2,7208.4,7162.0,7252.22222222,6854.5,7072.0,7113.2,7030.8,6655.0,6849.0,6850.0,6849.0,6256.0,6438.0,6439.0,6438.0,6655.0,6849.0,6850.0,6849.0,17558.0,17935.0,17935.0,17935.0,37481.0,37946.0,37949.0,37945.0
git/pacc_cpachecker/DyResults/Summary/s3_srvr.blast.04_false-unreach-call.i.cil.c.csv,1285.0,1327.0,1327.0,1327.0,1285.0,1327.0,1327.0,1327.0,1285.0,1327.0,1327.0,1327.0,1285.0,1323.0,1324.0,1323.0,1285.0,1323.0,1324.0,1323.0,1285.0,1323.0,1324.0,1323.0,1873.0,1928.0,1928.0,1928.0,1873.0,1924.0,1924.0,1923.0
git/pacc_cpachecker/DyResults/Summary/s3_clnt.blast.01_false-unreach-call.i.cil.c.csv,2341.0,2413.0,2413.0,2413.0,2341.0,2413.0,2413.0,2413.0,2341.0,2413.0,2413.0,2413.0,2341.0,2407.0,2408.0,2407.0,2341.0,2407.0,2408.0,2407.0,2341.0,2407.0,2408.0,2407.0,7609.0,7825.0,7825.0,7825.0,7655.0,7853.0,7857.0,7853.0
git/pacc_cpachecker/DyResults/Summary/s3_srvr.blast.01_true-unreach-call.i.cil.c.csv,9029.0,9308.0,9308.0,9308.0,7383.0,7614.0,7614.0,7614.0,7770.0,8013.0,8013.0,8013.0,8255.0,8488.0,8489.0,8488.0,6996.0,7196.0,7197.0,7196.0,7481.0,7692.0,7693.0,7692.0,29294.0,29582.0,29582.0,29582.0,33292.0,33675.0,33678.0,33674.0
git/pacc_cpachecker/DyResults/Summary/s3_clnt.blast.02_false-unreach-call.i.cil.c.csv,1966.0,2031.0,2031.0,2031.0,1966.0,2031.0,2031.0,2031.0,1966.0,2031.0,2031.0,2031.0,1966.0,2026.0,2027.0,2026.0,1966.0,2026.0,2027.0,2026.0,1966.0,2026.0,2027.0,2026.0,4305.0,4435.0,4435.0,4435.0,4340.0,4460.0,4462.0,4460.0
git/pacc_cpachecker/DyResults/Summary/s3_clnt.blast.03_true-unreach-call.i.cil.c.csv,6594.0,6646.0,6646.0,6646.0,5369.0,5369.0,5369.0,5369.0,5369.0,5369.0,5369.0,5369.0,8122.0,8398.0,8399.0,8398.0,5355.0,5355.0,5355.0,5355.0,5355.0,5355.0,5355.0,5355.0,13239.0,13499.0,13499.0,13499.0,15965.0,16289.0,16293.0,16289.0
git/pacc_cpachecker/DyResults/Summary/cdaudio_false-unreach-call.i.cil.c.csv,477741.7,827594.5,827005.333333,822256.333333,471803.1,818013.4,806816.0,807651.333333,473784.8,822616.3,819698.5,46247.2,108381.3,129545.0,204206.3,139361.0,71014.8,88550.4,130636.0,93207.6666667,89490.9,107873.2,165785.5,115629.333333,5878555.25,1820721.0,1830089.9,1832738.0,127246.0,109365.1,189222.666667,138367.0
git/pacc_cpachecker/DyResults/Summary/floppy_false-unreach-call.i.cil.c.csv,77629.2,1877.0,1877.0,1877.0,27242.0,1877.0,1877.0,1877.0,28083.0,1877.0,1877.0,1877.0,22091.0,547.0,2537.0,31455.6,7229.0,547.0,2122.0,7719.0,7532.0,547.0,2122.0,7719.0,191310.0,1877.0,1877.0,1877.0,149846.0,2178.0,37915.0,100194.0
git/pacc_cpachecker/DyResults/Summary/s3_srvr.blast.09_false-unreach-call.i.cil.c.csv,2266.0,2334.0,2334.0,2334.0,2266.0,2334.0,2334.0,2334.0,2266.0,2334.0,2334.0,2334.0,2266.0,2328.0,2329.0,2328.0,2266.0,2328.0,2329.0,2328.0,2266.0,2328.0,2329.0,2328.0,5979.0,6138.0,6138.0,6138.0,6011.0,6160.0,6161.0,6159.0
git/pacc_cpachecker/DyResults/Summary/s3_srvr.blast.14_true-unreach-call.i.cil.c.csv,9024.0,9300.0,9300.0,9300.0,8182.0,8432.0,8417.6,8417.6,8603.0,8866.0,8866.0,8866.0,8182.0,8412.0,8413.0,8412.0,8459.0,8701.0,8702.0,8701.0,6077.0,6247.0,6248.0,6247.0,43179.0,43634.0,43634.0,43634.0,25540.0,26037.0,26038.0,26036.0
git/pacc_cpachecker/DyResults/Summary/s3_srvr.blast.08_false-unreach-call.i.cil.c.csv,3750.0,3870.0,3870.0,3870.0,3750.0,3870.0,3870.0,3870.0,3750.0,3870.0,3870.0,3870.0,3750.0,3860.0,3861.0,3860.0,3750.0,3860.0,3861.0,3860.0,3750.0,3860.0,3861.0,3860.0,8826.0,9089.0,9089.0,9089.0,11504.0,11829.0,11834.0,11828.0
git/pacc_cpachecker/DyResults/Summary/s3_clnt.blast.03_false-unreach-call.i.cil.c.csv,1966.0,2031.0,2031.0,2031.0,1966.0,2031.0,2031.0,2031.0,1966.0,2031.0,2031.0,2031.0,1966.0,2026.0,2027.0,2026.0,1966.0,2026.0,2027.0,2026.0,1966.0,2026.0,2027.0,2026.0,4305.0,4435.0,4435.0,4435.0,4340.0,4460.0,4462.0,4460.0
git/pacc_cpachecker/DyResults/Summary/s3_srvr.blast.10_true-unreach-call.i.cil.c.csv,7981.0,8244.0,8244.0,8244.0,5236.8,5394.6,5394.6,5394.6,7591.0,7841.0,7841.0,7841.0,7201.0,7419.0,7420.0,7419.0,6421.0,6615.0,6616.0,6615.0,6421.0,6615.0,6616.0,6615.0,11247.0,11468.0,11468.0,11468.0,11301.0,11510.0,11511.0,11509.0
git/pacc_cpachecker/DyResults/Summary/diskperf_false-unreach-call.i.cil.c.csv,1982.0,1866.0,1866.0,1866.0,1945.0,1866.0,1866.0,1866.0,1945.0,1866.0,1866.0,1866.0,50262.0,1151.0,1225.0,71112.0,10057.0,1103.0,1157.0,11901.0,10425.0,1103.0,1157.0,15571.0,1982.0,1866.0,1866.0,1866.0,104654.0,9473.0,20430.0,117174.0
git/pacc_cpachecker/DyResults/Summary/s3_srvr.blast.02_true-unreach-call.i.cil.c.csv,7745.0,8008.0,8008.0,8008.0,6985.0,7222.0,7222.0,7222.0,7365.0,7615.0,7615.0,7615.0,7365.0,7595.0,7596.0,7595.0,6880.0,7098.0,7099.0,7098.0,7260.0,7490.0,7491.0,7490.0,28604.0,28903.0,28903.0,28903.0,11413.0,11624.0,11626.0,11623.0
git/pacc_cpachecker/DyResults/Summary/floppy_true-unreach-call.i.cil.c.csv,95970.4,65821.8,64562.8,64899.1,28075.0,27823.0,27823.0,27823.0,28916.0,27894.0,27894.0,27823.0,35063.8,31747.1,51764.0,88161.9,11064.2,9045.8,9662.0,9313.9,13183.6,9787.4,10112.8,9619.9,230946.0,69478.0,203821.0,204860.0,328392.0,392107.1,440644.0,267830.0
git/pacc_cpachecker/DyResults/Summary/floppy2_true-unreach-call.i.cil.c.csv,221612.0,162832.0,164944.0,162908.0,19333.0,54533.0,54571.0,54571.0,19333.0,54621.0,54659.0,54571.0,420729.0,671205.0,328643.0,738119.0,15844.0,30727.0,13565.0,15983.0,22399.0,32868.0,22720.0,21109.0,415412.0,143219.0,50719.0,45330.0,535342.0,457955.0,893141.0,935927.0
git/pacc_cpachecker/DyResults/Summary/s3_srvr.blast.03_false-unreach-call.i.cil.c.csv,1288.0,1330.0,1330.0,1330.0,1288.0,1330.0,1330.0,1330.0,1288.0,1330.0,1330.0,1330.0,1288.0,1326.0,1327.0,1326.0,1288.0,1326.0,1327.0,1326.0,1288.0,1326.0,1327.0,1326.0,1877.0,1932.0,1932.0,1932.0,1877.0,1928.0,1928.0,1927.0
git/pacc_cpachecker/DyResults/Summary/s3_srvr.blast.15_false-unreach-call.i.cil.c.csv,3839.0,3959.0,3959.0,3959.0,3839.0,3959.0,3959.0,3959.0,3839.0,3959.0,3959.0,3959.0,3839.0,3949.0,3950.0,3949.0,3839.0,3949.0,3950.0,3949.0,3839.0,3949.0,3950.0,3949.0,7686.0,7910.0,7910.0,7910.0,11794.0,12119.0,12124.0,12118.0
git/pacc_cpachecker/DyResults/Summary/s3_srvr.blast.12_true-unreach-call.i.cil.c.csv,7591.0,7828.0,7828.0,7828.0,7591.0,7828.0,7828.0,7828.0,8003.0,8253.0,8253.0,8253.0,7179.0,7385.0,7386.0,7385.0,7179.0,7385.0,7386.0,7385.0,7468.6,7754.6,7714.8,7727.3,36403.0,36767.0,36767.0,36767.0,18221.0,18562.0,18563.0,18561.0
git/pacc_cpachecker/DyResults/Summary/s3_srvr.blast.07_false-unreach-call.i.cil.c.csv,2266.0,2334.0,2334.0,2334.0,2266.0,2334.0,2334.0,2334.0,2266.0,2334.0,2334.0,2334.0,2266.0,2328.0,2329.0,2328.0,2266.0,2328.0,2329.0,2328.0,2266.0,2328.0,2329.0,2328.0,5979.0,6138.0,6138.0,6138.0,7438.0,7623.0,7624.0,7622.0
git/pacc_cpachecker/DyResults/Summary/kbfiltr_false-unreach-call.i.cil.c.csv,948.0,948.0,948.0,948.0,948.0,948.0,948.0,948.0,948.0,948.0,948.0,948.0,1961.0,2083.0,2772.0,2734.0,1698.0,1676.0,2124.0,2212.0,1698.0,1676.0,2124.0,2212.0,948.0,948.0,948.0,948.0,16311.0,12568.0,35456.0,22211.0
git/pacc_cpachecker/DyResults/Summary/s3_srvr.blast.09_true-unreach-call.i.cil.c.csv,7453.0,7690.0,7690.0,7690.0,4261.0,4394.0,4394.0,4394.0,7054.0,7278.0,7278.0,7278.0,6655.0,6849.0,6850.0,6849.0,6256.0,6438.0,6439.0,6438.0,6655.0,6849.0,6850.0,6849.0,32827.6,33694.125,33796.875,33642.75,32605.0,32936.0,32938.0,32935.0
git/pacc_cpachecker/DyResults/Summary/s3_clnt.blast.02_true-unreach-call.i.cil.c.csv,6594.0,6646.0,6646.0,6646.0,4806.0,4871.0,4871.0,4871.0,5174.0,5226.0,5226.0,5226.0,5507.0,5567.0,5567.0,5567.0,5355.0,5355.0,5355.0,5355.0,5355.0,5355.0,5355.0,5355.0,16862.0,17252.0,17252.0,17252.0,21304.0,21832.0,21837.0,21832.0
git/pacc_cpachecker/DyResults/Summary/s3_srvr.blast.15_true-unreach-call.i.cil.c.csv,6725.0,6936.0,6936.0,6936.0,8607.0,8883.0,8883.0,8883.0,8357.0,8620.0,8620.0,8620.0,9173.0,9439.0,9440.0,9439.0,8357.0,8599.0,8600.0,8599.0,8357.0,8599.0,8600.0,8599.0,33875.0,34278.0,34278.0,34278.0,33890.0,34267.0,34268.0,34266.0
git/pacc_cpachecker/DyResults/Summary/s3_srvr.blast.14_false-unreach-call.i.cil.c.csv,2270.0,2338.0,2338.0,2338.0,2270.0,2338.0,2338.0,2338.0,2270.0,2338.0,2338.0,2338.0,2270.0,2332.0,2333.0,2332.0,2270.0,2332.0,2333.0,2332.0,2270.0,2332.0,2333.0,2332.0,5335.0,5481.0,5481.0,5481.0,5431.0,5572.0,5575.0,5571.0
git/pacc_cpachecker/DyResults/Summary/s3_srvr.blast.06_true-unreach-call.i.cil.c.csv,9857.0,10146.0,10146.0,10146.0,10575.0,10890.0,10890.0,10890.0,9258.0,9523.6,9521.0,9521.0,11174.0,11476.0,11477.0,11476.0,6784.0,6966.0,6967.0,6966.0,7223.0,7417.0,7418.0,7417.0,48016.0,48653.0,48653.0,48653.0,29573.0,30166.0,30167.0,30165.0
git/pacc_cpachecker/DyResults/Summary/s3_clnt.blast.04_true-unreach-call.i.cil.c.csv,5542.0,5581.0,5581.0,5581.0,5369.0,5369.0,5369.0,5369.0,5174.0,5369.0,5369.0,5369.0,8705.0,8753.0,8753.0,8753.0,5355.0,5355.0,5355.0,5355.0,5355.0,5355.0,5355.0,5355.0,17203.0,17606.0,17606.0,17606.0,12283.0,12511.0,12514.0,12511.0
git/pacc_cpachecker/DyResults/Summary/parport_false-unreach-call.i.cil.c.csv,5178.0,828.0,828.0,828.0,5178.0,828.0,828.0,828.0,5178.0,828.0,828.0,828.0,5958020.0,529.0,868.0,1706.0,10411.0,288.0,868.0,1706.0,22087.1666667,288.0,868.0,1706.0,5178.0,828.0,828.0,828.0,33402.0,1099.0,3617.0,1833.0
