Filename,Dy-CSRPO-ABEl.csv-TfSMTwoitp,Dy-ABlkDFSCSRPO-ABEl.csv-TfSMTwoitp,Dy-ABlkBFSCSRPO-ABEl.csv-TfSMTwoitp,Dy-ABlkCSRPO-ABEl.csv-TfSMTwoitp,Dy-CSRPO-ABEl-FC.csv-TfSMTwoitp,Dy-ABlkDFSCSRPO-ABEl-FC.csv-TfSMTwoitp,Dy-ABlkBFSCSRPO-ABEl-FC.csv-TfSMTwoitp,Dy-ABlkCSRPO-ABEl-FC.csv-TfSMTwoitp,Dy-CSRPO-ABEl-FCm.csv-TfSMTwoitp,Dy-ABlkDFSCSRPO-ABEl-FCm.csv-TfSMTwoitp,Dy-ABlkBFSCSRPO-ABEl-FCm.csv-TfSMTwoitp,Dy-ABlkCSRPO-ABEl-FCm.csv-TfSMTwoitp,Dy-CSRPO-lf.csv-TfSMTwoitp,Dy-ABlkDFSCSRPO-lf.csv-TfSMTwoitp,Dy-ABlkBFSCSRPO-lf.csv-TfSMTwoitp,Dy-ABlkCSRPO-lf.csv-TfSMTwoitp,Dy-CSRPO-lf-FC.csv-TfSMTwoitp,Dy-ABlkDFSCSRPO-lf-FC.csv-TfSMTwoitp,Dy-ABlkBFSCSRPO-lf-FC.csv-TfSMTwoitp,Dy-ABlkCSRPO-lf-FC.csv-TfSMTwoitp,Dy-CSRPO-lf-FCm.csv-TfSMTwoitp,Dy-ABlkDFSCSRPO-lf-FCm.csv-TfSMTwoitp,Dy-ABlkBFSCSRPO-lf-FCm.csv-TfSMTwoitp,Dy-ABlkCSRPO-lf-FCm.csv-TfSMTwoitp,Dy-CSRPO-PredAbs-ABEl.csv-TfSMTwoitp,Dy-ABlkDFSCSRPO-PredAbs-ABEl.csv-TfSMTwoitp,Dy-ABlkBFSCSRPO-PredAbs-ABEl.csv-TfSMTwoitp,Dy-ABlkCSRPO-PredAbs-ABEl.csv-TfSMTwoitp,Dy-CSRPO-PredAbs-ABElf.csv-TfSMTwoitp,Dy-ABlkDFSCSRPO-PredAbs-ABElf.csv-TfSMTwoitp,Dy-ABlkBFSCSRPO-PredAbs-ABElf.csv-TfSMTwoitp,Dy-ABlkCSRPO-PredAbs-ABElf.csv-TfSMTwoitp
git/pacc_cpachecker/DyResults/Summary/cdaudio_false-unreach-call.i.cil.c.csv,130.3176,240.0042,242.177777778,240.163333333,128.6612,237.0616,234.536888889,240.141,130.1602,237.9824,238.3535,28.8883,1.1439,1.2518,0.6992,0.6466,0.3751,0.3835,0.226,0.216777777778,0.6995,0.7514,0.4215,0.3647,681.4105,256.479,254.6293,253.83275,601.8944,622.7858,594.871555556,600.197
git/pacc_cpachecker/DyResults/Summary/floppy_true-unreach-call.i.cil.c.csv,12.7627,18.562,18.2192,18.929,12.6981,16.8736,18.0931,17.6901,13.4138,17.4502,16.7467,17.6685,0.4391,0.3604,0.5307,0.4921,0.3935,0.2763,0.2805,0.249,0.3571,0.2825,0.2488,0.246,34.9166,36.1986,40.7399,43.492,5.9142,14.2538,6.973,6.1692
git/pacc_cpachecker/DyResults/Summary/s3_clnt.blast.03_true-unreach-call.i.cil.c.csv,20.9347,21.4623,21.5125,20.7796,9.1181,9.3074,9.0278,9.0235,8.5515,8.4516,8.6535,8.6689,439.9179,438.2888,433.6313,433.8529,8.7673,8.7821,8.7629,8.9531,18.5925,18.6749,19.0468,18.7992,9.5197,9.6102,9.6191,9.5868,7.6951,7.745,7.5867,7.5934
git/pacc_cpachecker/DyResults/Summary/diskperf_true-unreach-call.i.cil.c.csv,4.9068,4.8089,4.8041,4.7614,4.6794,4.8288,4.8338,4.8228,4.6338,4.836,4.7248,4.7735,1.9144,1.6538,1.5635,1.7469,1.4258,1.0449,0.7499,1.1087,1.3382,1.0339,0.7837,1.4694,4.9234,4.6919,4.7132,4.7899,1.2551,1.4712,1.6608,1.3635
git/pacc_cpachecker/DyResults/Summary/parport_true-unreach-call.i.cil.c.csv,0.5154,0.5574,0.5411,0.5447,0.4833,0.4982,0.5444,0.4808,0.4956,0.5184,0.5255,0.5109,0.039,0.078,0.0097,0.0032,0.0173,0.0542,0.0112,0.0036,0.019,0.0563,0.0148,0.0055,0.4746,0.4706,0.4691,0.4657,0.3057,0.6,0.0895,0.0196
git/pacc_cpachecker/DyResults/Summary/s3_clnt.blast.04_false-unreach-call.i.cil.c.csv,0.1533,0.1336,0.1433,0.1518,0.1096,0.1185,0.1191,0.1175,0.1153,0.1147,0.1135,0.1134,0.1266,0.1206,0.1396,0.1324,0.1149,0.1096,0.1178,0.1069,0.1244,0.1153,0.1074,0.108,1.246,1.2501,1.272,1.2479,1.1422,1.1676,1.1822,1.1763
git/pacc_cpachecker/DyResults/Summary/s3_srvr.blast.12_true-unreach-call.i.cil.c.csv,547.3011,546.0159,547.0019,544.348,212.465875,211.7853,213.304333333,212.4614,141.2334,140.873,140.5501,141.0655,448.908111111,453.5152,452.2148,457.0784,138.3798,138.4261,138.7567,138.519,233.6418,232.6889,233.1042,233.3882,115.126,114.5742,115.0471,115.5811,40.7006,41.28,40.8512,40.9146
git/pacc_cpachecker/DyResults/Summary/s3_srvr.blast.15_true-unreach-call.i.cil.c.csv,797.6562,796.9579,797.1731,796.9615,116.5827,115.9545,116.3172,116.4595,235.5638,236.2831,238.481333333,236.7369,475.6313,477.1849,479.0664,479.0533,159.1258,158.0219,158.6832,158.8059,240.7202,241.437,240.9409,239.9626,47.512,47.4382,47.5574,47.6762,23.8229,23.9935,24.4511,23.9293
git/pacc_cpachecker/DyResults/Summary/s3_srvr.blast.13_false-unreach-call.i.cil.c.csv,0.2491,0.25,0.2614,0.2616,0.1746,0.1839,0.1817,0.1846,0.1908,0.1887,0.2019,0.1772,0.2652,0.2587,0.2636,0.2401,0.2056,0.1763,0.1862,0.1989,0.1824,0.187,0.1953,0.1882,1.5793,1.5709,1.5418,1.5461,1.9882,1.9763,2.0098,1.978
git/pacc_cpachecker/DyResults/Summary/s3_clnt.blast.04_true-unreach-call.i.cil.c.csv,9.3897,9.3871,9.6543,9.563,6.6275,6.597,6.5399,6.6106,613.0259,606.895,609.874,610.7447,94.3193,94.5185,94.8281,95.3237,8.7858,8.8108,8.9437,8.9626,17.8622,18.303,17.9956,17.9727,10.3262,10.3638,10.4408,10.4267,4.5566,4.5379,4.5001,4.5924
git/pacc_cpachecker/DyResults/Summary/s3_srvr.blast.12_false-unreach-call.i.cil.c.csv,0.3205,0.3271,0.3045,0.33,0.2863,0.298,0.2923,0.2889,0.2906,0.2817,0.3018,0.2915,0.3878,0.3909,0.3853,0.3808,0.3299,0.3276,0.3256,0.3309,0.3249,0.325,0.3176,0.3266,2.374,2.3969,2.3476,2.359,0.8117,0.8535,0.8224,0.8395
git/pacc_cpachecker/DyResults/Summary/s3_srvr.blast.07_false-unreach-call.i.cil.c.csv,0.2124,0.2257,0.2064,0.2167,0.1582,0.1709,0.1704,0.1756,0.1755,0.1585,0.173,0.1835,0.2417,0.2321,0.2408,0.2168,0.1773,0.1809,0.1857,0.1796,0.1862,0.1645,0.1667,0.1772,1.6679,1.6907,1.6757,1.672,1.6536,1.6608,1.6655,1.6791
git/pacc_cpachecker/DyResults/Summary/s3_srvr.blast.08_false-unreach-call.i.cil.c.csv,2.6793,2.759,2.6934,2.7211,2.3428,2.2055,2.2393,2.3114,1.9566,2.172,2.1101,2.1201,3.5504,3.5034,3.4272,3.6167,3.9954,3.9757,4.1727,4.1193,4.5003,4.5119,4.6182,4.5794,4.851,4.8181,4.798,4.8629,5.835,5.8273,5.8315,5.9627
git/pacc_cpachecker/DyResults/Summary/s3_srvr.blast.02_false-unreach-call.i.cil.c.csv,0.0995,0.0892,0.0894,0.0868,0.0719,0.0732,0.0763,0.0725,0.0641,0.0614,0.071,0.0864,0.0949,0.0989,0.0819,0.0869,0.0748,0.0743,0.0711,0.0704,0.0824,0.0668,0.0789,0.0744,0.5324,0.5129,0.5173,0.5215,0.5028,0.5342,0.5388,0.5259
git/pacc_cpachecker/DyResults/Summary/s3_srvr.blast.14_false-unreach-call.i.cil.c.csv,0.3072,0.2999,0.2999,0.3011,0.2545,0.2626,0.2544,0.2689,0.2401,0.2536,0.2397,0.2504,0.4474,0.4191,0.4198,0.4261,0.3992,0.3953,0.3741,0.3973,0.4025,0.399,0.406,0.384,1.4712,1.4358,1.439,1.4934,1.8233,1.8033,1.8109,1.8193
git/pacc_cpachecker/DyResults/Summary/diskperf_false-unreach-call.i.cil.c.csv,3.1413,3.9667,4.0239,3.9827,3.1102,4.0497,4.0136,4.0359,3.117,4.0887,4.026,4.028,1.2906,0.1132,0.0933,1.3674,0.8312,0.1048,0.0863,0.8655,0.8441,0.1192,0.0816,1.063,3.0687,3.902,3.9247,3.9443,0.7392,0.3484,0.3012,0.8064
git/pacc_cpachecker/DyResults/Summary/s3_srvr.blast.04_false-unreach-call.i.cil.c.csv,0.101,0.0843,0.0872,0.0894,0.0759,0.0744,0.0739,0.0724,0.0829,0.0719,0.0727,0.0655,0.0952,0.083,0.0861,0.0799,0.0668,0.0788,0.0671,0.0686,0.0661,0.0701,0.0712,0.0684,0.5142,0.5316,0.5315,0.5388,0.5143,0.5239,0.5419,0.5176
git/pacc_cpachecker/DyResults/Summary/s3_clnt.blast.01_true-unreach-call.i.cil.c.csv,19.5343,19.5217,19.7215,19.7312,4.7736,4.8184,5.037,4.9554,9.8447,9.6229,9.8774,9.9477,16.2107,16.2703,16.1769,16.2433,6.1515,6.2198,6.2837,6.2177,7.8302,7.8269,7.7297,7.7916,15.7348,15.4565,15.5034,15.4381,52.831,52.609,52.2295,52.2996
git/pacc_cpachecker/DyResults/Summary/cdaudio_true-unreach-call.i.cil.c.csv,9.556,10.2796,10.5879,10.5321,9.3207,10.4321,10.6685,10.4053,9.5416,10.5366,10.6994,10.6567,0.6716,0.7596,0.8369,0.6006,0.5371,0.5302,0.5989,0.4418,0.5624,0.5528,0.5922,0.5317,10.3819,10.7773,10.935,10.7978,2.0696,2.5943,3.329,2.5781
git/pacc_cpachecker/DyResults/Summary/s3_srvr.blast.10_true-unreach-call.i.cil.c.csv,404.7941,405.3719,404.788444444,404.4644,503.7415,505.3726,503.6537,502.6866,160.69,160.5939,159.747111111,159.5671,543.6301,543.328222222,543.0842,543.0569,293.9903,294.052222222,292.7813,294.034375,434.5914,432.733888889,431.1409,430.941888889,5.4373,5.3687,5.4427,5.4341,5.6943,5.6491,5.6097,5.6136
git/pacc_cpachecker/DyResults/Summary/s3_srvr.blast.09_true-unreach-call.i.cil.c.csv,415.6891,418.3739,416.1073,411.8302,830.1819,831.0141,830.6839,831.0241,359.9461,360.7536,357.9445,359.1753,573.247333333,569.8507,573.7139,573.5566,277.5328,278.37,280.3805,279.1616,343.4907,343.6107,342.9396,343.9419,482.8347,480.4288,483.346333333,481.0942,31.5335,31.8997,31.5577,31.6455
git/pacc_cpachecker/DyResults/Summary/s3_srvr.blast.02_true-unreach-call.i.cil.c.csv,471.5891,477.5794,479.0507,474.7206,96.1986,98.2835,96.2125,98.7705555556,189.657,195.078555556,191.8173,196.3762,511.7702,511.3423,510.779333333,511.692444444,76.74325,76.5355,76.4988,76.8739,217.2974,215.2611,216.6989,216.7435,24.0749,24.4168,24.5188,24.1638,6.9539,7.1086,7.1834,7.1972
git/pacc_cpachecker/DyResults/Summary/s3_srvr.blast.06_false-unreach-call.i.cil.c.csv,0.3951,0.398,0.4064,0.3955,0.2856,0.2778,0.2874,0.2837,0.2866,0.2911,0.2792,0.285,0.303,0.304,0.2999,0.2997,0.2567,0.2631,0.2537,0.2511,0.2569,0.2478,0.2554,0.2496,1.0498,1.0005,1.005,1.0192,1.1855,1.179,1.19,1.2082
git/pacc_cpachecker/DyResults/Summary/s3_srvr.blast.16_false-unreach-call.i.cil.c.csv,0.3145,0.2722,0.2882,0.2688,0.2531,0.2679,0.2674,0.2615,0.2562,0.2593,0.2654,0.2855,0.3561,0.3473,0.345,0.3636,0.3092,0.3095,0.3105,0.2923,0.3147,0.3142,0.3079,0.299,1.2584,1.218,1.239,1.2351,1.0852,1.0874,1.0866,1.1075
git/pacc_cpachecker/DyResults/Summary/s3_clnt.blast.03_false-unreach-call.i.cil.c.csv,0.1507,0.1333,0.1311,0.1448,0.1154,0.1158,0.1113,0.1132,0.1215,0.1069,0.113,0.1166,0.1764,0.1584,0.1725,0.1711,0.1152,0.1019,0.1029,0.1114,0.1058,0.1045,0.1131,0.1056,1.0843,1.0743,1.0715,1.0662,1.1336,1.1466,1.1492,1.1619
git/pacc_cpachecker/DyResults/Summary/kbfiltr_false-unreach-call.i.cil.c.csv,1.205,1.2124,1.2559,1.2321,1.287,1.2039,1.2072,1.2605,1.2318,1.2689,1.2968,1.215,0.0817,0.1154,0.1571,0.1536,0.0881,0.1071,0.1459,0.1308,0.082,0.1286,0.1847,0.1344,1.3383,1.3111,1.3276,1.3244,0.3618,0.4643,0.481,0.3642
git/pacc_cpachecker/DyResults/Summary/s3_srvr.blast.01_true-unreach-call.i.cil.c.csv,363.9758,363.5192,363.385,364.3799,45.6784,45.1896,45.3714,45.1399,93.6612,93.9062,93.7476,93.2519,214.7207,213.8709,213.8841,213.879,50.9113,51.0421,50.7023,50.955,93.1442,92.8238,92.8629,92.9401,22.008,21.4366,21.0953,21.0939,24.6415,24.426,24.1825,24.0466
git/pacc_cpachecker/DyResults/Summary/s3_srvr.blast.06_true-unreach-call.i.cil.c.csv,444.3022,441.6607,440.9737,442.4415,105.6977,106.044222222,105.3488,105.2849,556.7076,557.1448,560.0884,559.3593,240.9941,241.1734,240.5665,241.7621,737.698,735.9673,735.6017,735.9842,723.027,721.4648,723.1284,722.1749,132.8852,132.349,131.0458,131.7646,50.6626,51.1993,51.0409,50.9109
git/pacc_cpachecker/DyResults/Summary/parport_false-unreach-call.i.cil.c.csv,0.5574,0.5436,0.4904,0.4801,0.5423,0.4932,0.4738,0.4905,0.5134,0.4688,0.4816,0.4991,0.04875,0.0171,0.0043,0.0029,0.0237,0.0012,0.0031,0.0067,0.0153333333333,0.0012,0.0048,0.0046,0.4929,0.4588,0.4596,0.4637,0.3076,0.0621,0.0645,0.0305
git/pacc_cpachecker/DyResults/Summary/s3_srvr.blast.07_true-unreach-call.i.cil.c.csv,666.2166,666.2776,665.7499,663.949,131.03,130.7874,131.2887,131.393111111,382.568,381.9819,376.7826,390.8851,627.7572,625.8451,627.2197,625.823777778,244.3909,245.282,244.718888889,243.5573,379.8667,378.869111111,379.0731,381.041666667,32.6117,32.294,32.5778,32.4581,44.4042,44.6394,44.657,44.9612
git/pacc_cpachecker/DyResults/Summary/s3_srvr.blast.16_true-unreach-call.i.cil.c.csv,477.6342,474.1787,475.5018,475.1378,96.7656,97.305,97.4757777778,92.5328,767.9401,767.378,768.5602,769.6573,764.7337,765.637,765.3487,764.9159,571.2398,570.4331,570.3644,571.3891,836.3633,835.7673,836.7265,836.9989,76.6756,76.659,77.0923,76.6079,457.945444444,458.745222222,459.317,458.6922
git/pacc_cpachecker/DyResults/Summary/s3_srvr.blast.10_false-unreach-call.i.cil.c.csv,3.9426,4.1626,3.7895,3.8153,2.3036,2.386,2.3598,2.2764,2.1543,2.2621,2.1881,2.1488,5.7395,5.9348,5.7316,5.5662,3.6936,3.9087,3.8923,4.1121,4.3378,4.2409,4.3201,4.2885,4.0535,4.0194,4.0292,4.0103,6.6488,6.7232,6.7078,6.7161
git/pacc_cpachecker/DyResults/Summary/s3_srvr.blast.11_true-unreach-call.i.cil.c.csv,439.4577,437.9669,436.709,439.2067,255.7096,253.1057,251.94,253.4083,378.0084,374.761,372.635,373.1845,639.648,640.8477,638.5458,640.0693,258.7753,259.3726,259.0687,259.298888889,429.812888889,426.9271,427.276,428.4943,38.9159,38.4812,39.059,39.3391,86.6313,86.4717,85.7637,86.7987
git/pacc_cpachecker/DyResults/Summary/s3_srvr.blast.14_true-unreach-call.i.cil.c.csv,357.6411,358.643,359.3557,358.3127,128.3671,129.3952,128.5325,128.0274,216.9483,219.1105,215.8818,215.764,509.1447,507.4748,509.5293,506.0553,139.2322,137.9916,137.9915,138.4144,808.3742,809.0612,808.9524,809.1183,105.0129,105.7523,104.7858,105.2444,57.0675,57.726,57.4792,57.2873
git/pacc_cpachecker/DyResults/Summary/s3_clnt.blast.01_false-unreach-call.i.cil.c.csv,0.2849,0.3008,0.3235,0.3423,0.1814,0.1826,0.1989,0.1989,0.2061,0.193,0.1987,0.187,0.27,0.3214,0.3143,0.2986,0.1734,0.1729,0.1617,0.1628,0.2013,0.1943,0.2003,0.1856,2.0034,2.0043,2.0672,2.0137,1.8845,1.8303,1.8246,1.8458
git/pacc_cpachecker/DyResults/Summary/s3_srvr.blast.09_false-unreach-call.i.cil.c.csv,0.2349,0.2359,0.2278,0.238,0.1643,0.1906,0.1642,0.183,0.1581,0.179,0.1783,0.1875,0.2517,0.2322,0.2436,0.2281,0.2175,0.2134,0.1979,0.2049,0.2235,0.2178,0.2065,0.2039,1.4945,1.5056,1.5222,1.5332,1.5415,1.5009,1.496,1.5042
git/pacc_cpachecker/DyResults/Summary/s3_srvr.blast.03_false-unreach-call.i.cil.c.csv,0.0894,0.0887,0.09,0.0908,0.076,0.0723,0.0696,0.07,0.0767,0.0774,0.0803,0.0817,0.0885,0.0917,0.0934,0.08,0.0715,0.0708,0.0785,0.0764,0.0723,0.0786,0.0758,0.0699,0.5584,0.5509,0.5571,0.5577,0.5311,0.5434,0.5525,0.5394
git/pacc_cpachecker/DyResults/Summary/s3_srvr.blast.11_false-unreach-call.i.cil.c.csv,0.1336,0.1473,0.1447,0.1465,0.1151,0.1088,0.0979,0.1098,0.1077,0.1058,0.0963,0.116,0.1597,0.1658,0.1644,0.1604,0.1098,0.1089,0.1108,0.1308,0.1136,0.1036,0.1094,0.1197,0.9166,0.9214,0.9113,0.9054,0.862,0.8576,0.8633,0.8871
git/pacc_cpachecker/DyResults/Summary/s3_clnt.blast.02_false-unreach-call.i.cil.c.csv,0.173,0.1792,0.1682,0.1637,0.1063,0.0995,0.0977,0.0954,0.1154,0.1232,0.1014,0.1028,0.1378,0.124,0.1156,0.1294,0.0988,0.1012,0.0964,0.1033,0.1117,0.1061,0.1009,0.0992,1.3119,1.2726,1.2907,1.305,0.9864,0.982,1.013,1.0082
git/pacc_cpachecker/DyResults/Summary/floppy2_true-unreach-call.i.cil.c.csv,23.7763,24.3638,26.3038,24.7051,11.9893,19.8924,20.5918,19.8206,12.2076,19.6584,20.7287,19.8749,0.7883,0.8578,0.5532,0.9224,0.4462,0.9312,0.343,0.3839,0.5119,0.9208,0.8285,0.6215,31.2875,33.4072,27.1137,25.0646,3.9712,2.9701,4.0061,5.7145
git/pacc_cpachecker/DyResults/Summary/s3_srvr.blast.01_false-unreach-call.i.cil.c.csv,0.091,0.0909,0.0905,0.0939,0.0748,0.0759,0.0832,0.0769,0.0694,0.0801,0.0799,0.0834,0.0927,0.0901,0.0849,0.0818,0.0709,0.0735,0.0717,0.0818,0.0738,0.0741,0.0782,0.0661,0.6092,0.606,0.6062,0.6112,0.6047,0.6012,0.6318,0.6382
git/pacc_cpachecker/DyResults/Summary/s3_srvr.blast.13_true-unreach-call.i.cil.c.csv,795.6276,794.8952,794.7042,795.1421,198.1407,198.7039,198.7953,197.9956,649.691,643.856,647.6415,651.638,504.7116,507.7781,505.4672,506.9215,284.7397,283.7422,280.2336,282.7698,384.051,383.6646,380.9459,382.2166,17.1103,16.3942,16.4347,16.4194,26.3569,26.1177,26.374,26.1894
git/pacc_cpachecker/DyResults/Summary/s3_srvr.blast.15_false-unreach-call.i.cil.c.csv,3.6305,3.538,3.5572,3.7257,2.6234,2.5119,2.5639,2.586,2.7416,2.8049,2.786,2.9209,4.2728,4.1715,4.238,3.9998,4.6779,4.5542,4.5136,4.675,3.6709,3.7498,3.6981,3.769,6.9389,6.8325,6.9063,6.9324,4.1702,4.2144,4.1762,4.2871
git/pacc_cpachecker/DyResults/Summary/floppy_false-unreach-call.i.cil.c.csv,9.1193,15.4435,15.4721,15.5348,8.9852,15.5661,15.7036,15.5279,9.2352,15.5703,15.9855,14.7554,0.2318,0.0293,0.0251,0.2673,0.1796,0.0335,0.0302,0.1368,0.1928,0.0287,0.0385,0.1282,25.8825,15.2537,15.5093,15.9446,3.3331,1.0013,1.8354,3.5399
git/pacc_cpachecker/DyResults/Summary/s3_clnt.blast.02_true-unreach-call.i.cil.c.csv,23.9287,23.9831,24.1549,23.8626,3.9241,3.9098,3.9072,3.9772,4.7215,4.7484,4.8568,4.5947,26.6777,26.9486,27.3372,27.6159,10.1476,10.2555,10.1242,10.1535,4.8608,4.9318,4.8109,4.9563,13.2987,13.7573,13.5663,13.4399,16.2013,15.617,15.932,16.002
git/pacc_cpachecker/DyResults/Summary/s3_srvr.blast.08_true-unreach-call.i.cil.c.csv,549.3332,551.7151,547.6138,550.066,137.4102,138.839888889,137.8582,138.1675,285.742555556,282.2211,275.0169,282.051555556,581.7245,580.7772,581.3424,581.5129,105.0695,106.5138,105.291,105.4765,391.0893,392.2484,389.990125,390.5407,21.0256,21.4196,21.2436,21.3324,80.4729,80.89,80.0434,80.9444
