Filename,Dy-CSRPO-ABEl.csv-TfR,Dy-ABlkDFSCSRPO-ABEl.csv-TfR,Dy-ABlkBFSCSRPO-ABEl.csv-TfR,Dy-ABlkCSRPO-ABEl.csv-TfR,Dy-CSRPO-ABEl-FC.csv-TfR,Dy-ABlkDFSCSRPO-ABEl-FC.csv-TfR,Dy-ABlkBFSCSRPO-ABEl-FC.csv-TfR,Dy-ABlkCSRPO-ABEl-FC.csv-TfR,Dy-CSRPO-ABEl-FCm.csv-TfR,Dy-ABlkDFSCSRPO-ABEl-FCm.csv-TfR,Dy-ABlkBFSCSRPO-ABEl-FCm.csv-TfR,Dy-ABlkCSRPO-ABEl-FCm.csv-TfR,Dy-CSRPO-lf.csv-TfR,Dy-ABlkDFSCSRPO-lf.csv-TfR,Dy-ABlkBFSCSRPO-lf.csv-TfR,Dy-ABlkCSRPO-lf.csv-TfR,Dy-CSRPO-lf-FC.csv-TfR,Dy-ABlkDFSCSRPO-lf-FC.csv-TfR,Dy-ABlkBFSCSRPO-lf-FC.csv-TfR,Dy-ABlkCSRPO-lf-FC.csv-TfR,Dy-CSRPO-lf-FCm.csv-TfR,Dy-ABlkDFSCSRPO-lf-FCm.csv-TfR,Dy-ABlkBFSCSRPO-lf-FCm.csv-TfR,Dy-ABlkCSRPO-lf-FCm.csv-TfR,Dy-CSRPO-PredAbs-ABEl.csv-TfR,Dy-ABlkDFSCSRPO-PredAbs-ABEl.csv-TfR,Dy-ABlkBFSCSRPO-PredAbs-ABEl.csv-TfR,Dy-ABlkCSRPO-PredAbs-ABEl.csv-TfR,Dy-CSRPO-PredAbs-ABElf.csv-TfR,Dy-ABlkDFSCSRPO-PredAbs-ABElf.csv-TfR,Dy-ABlkBFSCSRPO-PredAbs-ABElf.csv-TfR,Dy-ABlkCSRPO-PredAbs-ABElf.csv-TfR
git/pacc_cpachecker/DyResults/Summary/floppy2_true-unreach-call.i.cil.c.csv,231.7221,180.622,182.0295,178.388,5.0835,37.315,39.6858,39.7159,5.2548,37.5324,38.8059,39.8476,149.148,197.3745,51.6208,151.1987,13.0605,16.9203,9.5473,10.8629,17.3315,18.7886,14.7428,13.7453,13.981,9.3196,3.0564,3.5943,24.3728,29.15,37.8188,24.2813
git/pacc_cpachecker/DyResults/Summary/s3_srvr.blast.07_false-unreach-call.i.cil.c.csv,3.7427,3.8069,3.7553,3.7629,3.5477,3.5733,3.556,3.5774,3.2751,3.2839,3.2675,3.2695,4.0705,4.033,4.1354,4.1553,3.3237,3.31,3.2501,3.375,3.1536,3.1817,3.2047,3.1506,2.9552,3.0195,2.9633,2.9751,3.9333,3.9119,3.9076,3.936
git/pacc_cpachecker/DyResults/Summary/s3_srvr.blast.09_false-unreach-call.i.cil.c.csv,3.8352,3.8634,3.8359,3.8122,3.5606,3.6167,3.6464,3.5659,3.1938,3.245,3.2152,3.2263,4.5394,4.4752,4.4794,4.6354,4.2438,4.1452,4.1435,4.1767,4.2918,4.2443,4.342,4.2023,2.8115,2.7777,2.8673,2.7991,3.8397,3.7798,3.7795,3.8158
git/pacc_cpachecker/DyResults/Summary/s3_srvr.blast.14_true-unreach-call.i.cil.c.csv,881.8307,881.4628,881.0893,881.1554,385.647,385.7215,381.9056,384.6329,555.1484,552.1011,551.6499,557.0783,876.6797,876.5289,876.8396,876.1672,428.2891,427.5643,423.3004,425.9742,880.4954,880.7827,880.6202,880.4556,98.6219,99.6715,99.5086,99.984,68.2731,68.6557,67.8377,67.9179
git/pacc_cpachecker/DyResults/Summary/s3_srvr.blast.14_false-unreach-call.i.cil.c.csv,5.1658,5.2726,5.2541,5.321,5.4079,5.4062,5.3569,5.4515,4.8439,4.854,4.8494,4.8964,6.6865,6.6607,6.8164,6.7761,6.1228,6.1928,6.1405,6.2254,6.2687,6.4075,6.3674,6.3446,3.4587,3.4022,3.4082,3.4205,3.5373,3.511,3.5007,3.4628
git/pacc_cpachecker/DyResults/Summary/s3_srvr.blast.01_false-unreach-call.i.cil.c.csv,1.6339,1.6547,1.6444,1.6571,1.3531,1.3734,1.3828,1.375,1.3496,1.3623,1.3646,1.3802,1.7695,1.8055,1.7947,1.7984,1.3831,1.4149,1.3779,1.3906,1.3906,1.4145,1.3958,1.394,1.4024,1.4066,1.4134,1.3964,1.4753,1.4578,1.4644,1.4705
git/pacc_cpachecker/DyResults/Summary/s3_srvr.blast.04_false-unreach-call.i.cil.c.csv,1.5505,1.5233,1.5167,1.539,1.1962,1.1813,1.1882,1.1809,1.196,1.1871,1.1864,1.1645,1.627,1.6024,1.5869,1.6133,1.216,1.2392,1.2272,1.2165,1.2305,1.2215,1.2075,1.2213,1.0202,1.0227,1.0212,1.0233,1.0947,1.0842,1.0844,1.0937
git/pacc_cpachecker/DyResults/Summary/s3_clnt.blast.01_true-unreach-call.i.cil.c.csv,116.3694,116.4594,117.776,115.4232,46.2311,46.8553,47.3093,47.067,75.9432,76.449,76.9068,77.0588,118.9351,119.3267,119.0693,119.1899,56.6286,57.2797,57.4106,57.2509,76.6433,75.5685,75.8661,75.7669,25.7429,26.3204,26.564,26.1855,15.6247,15.148,15.5786,15.2711
git/pacc_cpachecker/DyResults/Summary/s3_srvr.blast.16_false-unreach-call.i.cil.c.csv,6.2148,6.0865,6.1303,6.1228,5.4878,5.4426,5.5621,5.4974,5.8781,5.811,5.797,5.8992,6.4592,6.266,6.3054,6.547,5.7207,5.5171,5.6311,5.5264,6.1598,5.9987,5.9363,6.0329,3.7634,3.7212,3.7192,3.7372,4.3032,4.4098,4.321,4.333
git/pacc_cpachecker/DyResults/Summary/s3_srvr.blast.15_false-unreach-call.i.cil.c.csv,27.7259,27.3187,27.9782,27.8782,23.1315,22.3508,22.8683,22.526,25.8627,25.6239,25.5754,26.1349,28.3972,27.8366,27.7429,27.6065,32.0776,32.1165,31.7833,32.3752,27.3858,27.6624,27.5955,27.4383,8.1394,7.6281,7.8143,7.9702,13.6271,13.4697,13.2896,13.4161
git/pacc_cpachecker/DyResults/Summary/s3_srvr.blast.10_false-unreach-call.i.cil.c.csv,30.6506,31.2369,30.4721,29.9894,22.9215,22.9841,22.9311,22.6631,26.2258,26.5546,26.2411,25.9832,32.4744,32.9604,32.4731,31.9635,23.1295,23.6803,23.3271,23.7466,23.5428,24.1942,24.2693,24.2872,11.1919,11.4281,11.4365,11.3762,14.5851,14.4956,14.3899,14.51
git/pacc_cpachecker/DyResults/Summary/s3_srvr.blast.11_false-unreach-call.i.cil.c.csv,2.4435,2.4014,2.4516,2.4817,1.962,1.9954,1.9774,1.9567,1.9473,1.9604,1.9068,1.971,2.6092,2.6845,2.6474,2.6283,2.0713,2.105,2.1066,2.0797,2.0726,2.0562,2.1216,2.0904,1.7862,1.7996,1.7944,1.7855,1.7985,1.7809,1.7603,1.7804
git/pacc_cpachecker/DyResults/Summary/s3_clnt.blast.04_false-unreach-call.i.cil.c.csv,3.2431,3.2884,3.2993,3.2894,2.342,2.4096,2.3772,2.3351,2.6565,2.6374,2.637,2.5822,2.7457,2.797,2.7507,2.7446,2.7746,2.6035,2.6294,2.5667,2.5871,2.5768,2.6069,2.5923,2.0072,2.0588,2.0355,2.0413,2.166,2.1548,2.1172,2.1878
git/pacc_cpachecker/DyResults/Summary/s3_srvr.blast.12_true-unreach-call.i.cil.c.csv,892.0378,892.3734,892.3273,892.3447,582.118375,580.7674,582.614555556,581.3363,497.0516,496.2943,497.6124,494.7262,893.084375,893.2105,893.5114,893.196,474.1777,472.6086,472.5559,473.2923,554.0536,552.4898,552.838,553.7333,46.0742,45.9588,45.7936,46.1692,38.6872,38.334,38.3189,38.1708
git/pacc_cpachecker/DyResults/Summary/s3_srvr.blast.12_false-unreach-call.i.cil.c.csv,6.1423,6.1824,6.1524,6.1721,5.6912,5.6035,5.5566,5.5049,5.6351,5.4942,5.6375,5.6561,6.3236,6.4153,6.4251,6.4342,5.6724,5.7514,5.6618,5.5022,5.4021,5.4236,5.4216,5.3823,3.6486,3.5674,3.5655,3.5995,2.8267,2.8445,2.8645,2.9015
git/pacc_cpachecker/DyResults/Summary/s3_srvr.blast.08_false-unreach-call.i.cil.c.csv,25.2641,26.3121,26.1371,26.2407,23.6544,23.1431,23.0444,22.7441,22.0623,22.5767,22.0347,21.8737,26.7869,26.5043,26.3957,26.6747,29.3621,29.5013,29.3797,29.2886,27.9007,27.4289,28.0162,27.784,11.0719,10.9882,11.3233,11.0504,15.7839,15.362,14.7596,15.1518
git/pacc_cpachecker/DyResults/Summary/cdaudio_true-unreach-call.i.cil.c.csv,7.993,5.3399,5.3845,5.2171,5.7166,5.3923,5.4541,5.4256,5.7144,5.2904,5.4814,5.2837,13.8422,14.7713,15.5471,15.1457,3.7534,3.3252,3.6929,3.5356,3.9999,3.5766,3.7577,3.8092,2.313,2.0448,2.2343,2.1064,18.6102,13.4214,10.4824,12.7146
git/pacc_cpachecker/DyResults/Summary/kbfiltr_false-unreach-call.i.cil.c.csv,0.6921,0.6899,0.6848,0.6866,0.6842,0.6849,0.6839,0.6789,0.6963,0.6947,0.6991,0.6887,2.055,2.0778,2.2893,2.179,2.0059,1.8725,2.0458,2.0133,2.0336,1.8833,2.1543,2.1197,0.7167,0.6874,0.6908,0.6891,2.4081,1.6726,2.4616,1.9211
git/pacc_cpachecker/DyResults/Summary/s3_clnt.blast.01_false-unreach-call.i.cil.c.csv,4.1487,4.0505,3.9965,4.0391,3.1653,3.1698,3.1132,3.1244,3.2282,3.2361,3.1874,3.2333,4.4742,4.1901,4.162,4.172,3.6646,3.6485,3.6447,3.6238,3.6288,3.6463,3.683,3.6389,3.0217,3.0594,3.0667,3.0383,3.3975,3.4218,3.4593,3.4213
git/pacc_cpachecker/DyResults/Summary/s3_clnt.blast.03_true-unreach-call.i.cil.c.csv,112.6503,113.1324,113.2934,113.0588,61.2091,60.8498,60.6015,61.0726,66.1832,64.9245,65.2121,65.6215,890.2692,889.946,890.1016,890.0697,61.3088,62.0681,61.9269,62.8147,68.5592,69.7409,69.9145,69.5071,6.7195,6.8335,6.726,6.8798,8.4866,8.8949,8.2219,8.2684
git/pacc_cpachecker/DyResults/Summary/s3_srvr.blast.10_true-unreach-call.i.cil.c.csv,896.1735,896.901,894.821777778,894.7131,575.772,575.464,573.8505,572.9082,453.7569,453.3932,452.277888889,452.1349,891.3789,891.843555556,891.4186,891.4922,467.9597,468.153555556,468.4827,468.309625,705.8666,704.128222222,704.1905,703.362444444,7.646,7.7025,7.3685,7.638,10.1019,10.0526,10.0094,9.7423
git/pacc_cpachecker/DyResults/Summary/s3_srvr.blast.08_true-unreach-call.i.cil.c.csv,891.5239,891.2964,891.2224,891.2733,334.8258,336.52,335.4031,335.2138,543.504,542.9361,541.2452,542.142555556,892.0235,892.2877,892.4775,892.3023,283.383,283.9936,284.2824,283.6372,641.2584,641.2342,640.600375,640.7606,23.5801,22.8799,23.1078,22.6337,166.1754,166.2086,164.3485,165.3721
git/pacc_cpachecker/DyResults/Summary/s3_srvr.blast.02_true-unreach-call.i.cil.c.csv,889.8324,889.4044,889.5699,889.4435,417.162,418.2649,418.1321,417.939777778,579.906555556,580.516444444,579.440555556,580.8053,888.792,888.4137,888.776333333,888.496333333,320.979,320.433,321.009,323.5068,530.9393,528.683,530.5662,531.4567,8.1714,7.904,7.9448,7.8461,7.8732,7.9605,8.218,8.2293
git/pacc_cpachecker/DyResults/Summary/s3_srvr.blast.06_false-unreach-call.i.cil.c.csv,6.1609,6.1894,6.2407,6.1491,5.365,5.3283,5.3673,5.3461,5.731,5.6778,5.6862,5.746,6.2615,6.2998,6.2836,6.1643,5.7201,5.6805,5.6949,5.7002,5.5572,5.5265,5.5084,5.5407,4.3864,4.3552,4.3427,4.3899,4.0844,4.1117,4.1313,4.145
git/pacc_cpachecker/DyResults/Summary/floppy_true-unreach-call.i.cil.c.csv,244.4191,163.2444,164.3114,163.2972,120.0163,115.4326,116.7803,114.9699,125.5827,115.894,116.6301,116.1008,59.1277,43.4315,42.1335,71.6927,21.2551,13.6201,13.4483,14.441,22.0765,15.5614,14.6494,14.7329,32.8462,31.2382,22.1677,22.5199,57.1286,132.3417,46.0953,33.5283
git/pacc_cpachecker/DyResults/Summary/floppy_false-unreach-call.i.cil.c.csv,203.7128,5.4031,5.738,5.2178,117.2524,5.7102,5.4774,5.6937,122.1794,5.7409,5.4114,5.5514,33.9142,4.3206,6.0889,30.8755,17.189,4.3331,6.1905,13.3579,18.0837,4.2607,6.1152,13.8407,29.9755,5.6615,5.9654,5.4683,24.0182,3.6807,10.4638,12.0457
git/pacc_cpachecker/DyResults/Summary/cdaudio_false-unreach-call.i.cil.c.csv,738.7074,616.2124,612.605888889,615.704222222,716.7614,595.8256,573.965444444,567.665555556,731.929,611.4542,601.509,8.442,888.7724,889.092,882.8917,886.5267,148.5613,118.7836,124.453777778,166.625333333,355.8794,314.3869,322.2084,375.928777778,82.906875,580.557571429,581.9445,582.25475,94.7641111111,71.6495,86.9417777778,87.0476
git/pacc_cpachecker/DyResults/Summary/s3_srvr.blast.07_true-unreach-call.i.cil.c.csv,892.9934,892.592,892.686,892.6282,394.064,394.057666667,394.5113,393.301222222,662.4825,661.9374,658.0137,666.636,891.4555,891.2997,891.3631,891.261888889,436.7708,437.7398,437.440444444,436.5229,624.5629,623.918222222,622.6974,622.347555556,11.3441,10.8638,10.997,11.2075,22.0406,22.3503,22.1003,21.8207
git/pacc_cpachecker/DyResults/Summary/s3_srvr.blast.01_true-unreach-call.i.cil.c.csv,887.9312,887.9707,887.628222222,887.732,247.0105,245.1181,244.5693,244.5205,414.2528,412.908,413.4181,411.7293,893.103,893.9184,892.1562,894.4128,325.6371,327.977,326.7972,327.6945,463.2258,463.2258,464.415777778,463.8379,20.8469,20.8872,20.4312,20.6593,36.6266,36.4032,36.3866,36.2604
git/pacc_cpachecker/DyResults/Summary/s3_srvr.blast.11_true-unreach-call.i.cil.c.csv,890.8699,890.422777778,890.4584,890.4438,521.1977,517.2574,514.551,514.4726,621.732111111,620.9011,619.9697,619.7897,892.7529,892.3259,892.0907,892.0322,471.489,470.6444,470.6615,471.294444444,682.031,681.2486,679.0612,680.9161,12.1837,11.8766,12.4152,12.3494,22.9348,23.0673,22.7524,22.7219
git/pacc_cpachecker/DyResults/Summary/s3_srvr.blast.13_false-unreach-call.i.cil.c.csv,4.0115,3.9863,4.002,4.0012,3.2665,3.2632,3.2509,3.2319,3.3708,3.4342,3.3981,3.3762,4.4118,4.4251,4.393,4.3861,3.94,4.0188,3.9604,3.9902,3.8819,3.9258,3.9526,3.9823,3.1799,3.2907,3.1879,3.2044,3.0232,2.9838,3.0379,2.9987
git/pacc_cpachecker/DyResults/Summary/parport_true-unreach-call.i.cil.c.csv,nan,nan,nan,nan,nan,nan,nan,nan,nan,nan,nan,nan,5.032,1.3733,0.6369,0.3215,0.444333333333,0.9095,0.63,0.3129,0.418,0.8884,0.6026,0.3185,nan,nan,nan,nan,1.0483,3.1232,0.6235,0.1573
git/pacc_cpachecker/DyResults/Summary/diskperf_true-unreach-call.i.cil.c.csv,0.1068,0.0893,0.09,0.0866,0.0601,0.0598,0.059,0.0574,0.0541,0.0578,0.0615,0.0623,34.0933,30.738,24.4184,31.0983,7.052,9.5684,4.5601,7.1009,7.6309,9.6232,4.6103,10.0933,0.0722,0.0693,0.0694,0.0721,7.6253,4.923,4.7166,5.1316
git/pacc_cpachecker/DyResults/Summary/s3_srvr.blast.06_true-unreach-call.i.cil.c.csv,892.0516,892.1101,892.0772,892.0728,519.5428,522.394555556,520.7787,520.3403,802.6419,790.9298,800.5908,800.0168,884.9303,884.6964,884.7275,884.2002,855.008,854.4551,855.2011,854.8136,866.6464,866.0478,866.4868,866.7577,224.8912,223.9105,223.9293,225.8651,155.3086,154.8386,154.5126,155.5586
git/pacc_cpachecker/DyResults/Summary/parport_false-unreach-call.i.cil.c.csv,nan,nan,nan,nan,nan,nan,nan,nan,nan,nan,nan,nan,5.1605,0.8795,0.8763,0.3153,0.4382,0.6779,0.8855,0.3212,0.435,0.6627,0.8913,0.3242,nan,nan,nan,nan,1.0495,0.7477,0.8246,0.1614
git/pacc_cpachecker/DyResults/Summary/s3_srvr.blast.15_true-unreach-call.i.cil.c.csv,894.4519,894.4531,894.4497,894.4297,334.1293,334.3788,333.9435,334.9105,497.6444,495.3039,498.341555556,496.6354,890.1331,890.4998,890.3224,890.5131,440.2202,441.626,442.3925,440.8483,527.2628,527.5342,527.1057,526.4649,67.7132,67.0045,66.5975,67.546,42.9903,42.6283,41.7481,42.4624
git/pacc_cpachecker/DyResults/Summary/s3_srvr.blast.13_true-unreach-call.i.cil.c.csv,894.6136,894.5353,894.3861,894.4755,417.3746,418.7934,418.4198,415.5807,785.6656,778.0611,782.3229,786.136,889.0097,887.887,889.2358,888.9562,489.1045,486.8388,488.3077,487.8498,640.8855,641.5294,640.5051,641.1546,5.1804,5.0012,5.1058,5.0872,5.9921,6.0973,6.0393,5.8832
git/pacc_cpachecker/DyResults/Summary/diskperf_false-unreach-call.i.cil.c.csv,0.3288,1.4713,1.4865,1.4943,0.3153,1.4849,1.4583,1.512,0.3157,1.5386,1.4702,1.4798,24.6413,1.6997,1.3859,26.2396,6.723,1.656,1.3821,7.2292,7.0771,1.5087,1.3904,9.7398,0.3244,1.5026,1.5089,1.5092,4.8928,1.2739,1.4566,4.385
git/pacc_cpachecker/DyResults/Summary/s3_clnt.blast.02_false-unreach-call.i.cil.c.csv,3.2675,3.2642,3.2908,3.2881,2.7808,2.7712,2.792,2.7807,2.3615,2.2784,2.3119,2.3134,3.0674,2.9661,3.0415,3.0331,2.4064,2.3756,2.3917,2.4145,2.3686,2.345,2.3276,2.3815,1.8248,1.8395,1.8292,1.8428,2.008,1.9706,1.9905,1.9535
git/pacc_cpachecker/DyResults/Summary/s3_srvr.blast.09_true-unreach-call.i.cil.c.csv,890.3175,889.7607,889.7702,889.6855,874.0095,874.3239,874.3849,874.3801,627.6362,626.7706,626.185777778,626.5941,892.507333333,891.9744,892.2778,892.2009,497.0224,496.4457,498.6958,497.1635,672.114875,672.0901,673.383777778,672.0345,20.9913,20.739,20.631,20.66425,18.6773,19.1492,19.3613,19.0067
git/pacc_cpachecker/DyResults/Summary/s3_srvr.blast.16_true-unreach-call.i.cil.c.csv,890.9022,890.6695,890.7571,890.6762,464.911555556,465.224555556,463.197888889,464.502666667,874.0117,873.2014,873.3454,874.0338,894.6353,894.5684,894.486,894.456555556,781.8585,781.0166,781.075,781.8355,881.9296,881.5898,881.9953,882.3029,125.6024,125.2433,125.0423,125.8608,83.9987777778,83.6565555556,82.872,84.8625
git/pacc_cpachecker/DyResults/Summary/s3_clnt.blast.04_true-unreach-call.i.cil.c.csv,59.3646,58.4675,59.4456,59.6348,49.1258,48.1106,48.1917,48.4914,551.8006,568.1214,556.5872,552.5233,361.0175,362.8987,363.1068,363.8066,61.7634,61.9639,62.5745,62.1765,96.7424,96.9487,96.046,96.2278,13.6339,13.3236,13.3164,13.8465,6.554,6.7541,6.3955,6.6173
git/pacc_cpachecker/DyResults/Summary/s3_srvr.blast.02_false-unreach-call.i.cil.c.csv,1.5339,1.5246,1.5142,1.518,1.1971,1.2101,1.1887,1.1982,1.2229,1.2085,1.2187,1.2181,1.5884,1.5497,1.5584,1.5426,1.2386,1.2227,1.2233,1.2406,1.2367,1.2349,1.2371,1.2302,1.0289,1.0514,1.0618,1.05,0.993,1.0027,0.9887,0.9981
git/pacc_cpachecker/DyResults/Summary/s3_clnt.blast.02_true-unreach-call.i.cil.c.csv,108.2367,108.5084,108.1952,108.2491,33.2915,33.903,33.6365,34.0479,41.1524,41.213,41.0337,40.7184,124.434,126.1313,126.6075,127.0798,52.1737,51.9057,51.5348,51.4831,44.1454,45.072,45.0943,45.5141,11.7513,11.6825,12.1042,11.9844,47.1293,48.182,46.5414,47.0929
git/pacc_cpachecker/DyResults/Summary/s3_srvr.blast.03_false-unreach-call.i.cil.c.csv,1.5984,1.5831,1.5676,1.5725,1.2185,1.2225,1.2236,1.2194,1.2204,1.2211,1.2217,1.2191,1.6686,1.641,1.6489,1.6663,1.2582,1.2725,1.2805,1.2558,1.265,1.2791,1.2806,1.2628,0.9752,0.973,0.9583,0.9647,1.0569,1.0511,1.0592,1.0725
git/pacc_cpachecker/DyResults/Summary/s3_clnt.blast.03_false-unreach-call.i.cil.c.csv,3.071,3.1465,3.1121,3.1474,2.3063,2.3029,2.2935,2.2985,2.2252,2.2134,2.2457,2.2077,3.3581,3.3351,3.3381,3.3265,2.5897,2.6408,2.5944,2.602,2.6791,2.6845,2.6677,2.7256,1.7043,1.6989,1.6749,1.6783,1.7819,1.8555,1.8396,1.829
