Filename,Dy-CSRPO-ABEl.csv-TfTran,Dy-ABlkDFSCSRPO-ABEl.csv-TfTran,Dy-ABlkBFSCSRPO-ABEl.csv-TfTran,Dy-ABlkCSRPO-ABEl.csv-TfTran,Dy-CSRPO-ABEl-FC.csv-TfTran,Dy-ABlkDFSCSRPO-ABEl-FC.csv-TfTran,Dy-ABlkBFSCSRPO-ABEl-FC.csv-TfTran,Dy-ABlkCSRPO-ABEl-FC.csv-TfTran,Dy-CSRPO-ABEl-FCm.csv-TfTran,Dy-ABlkDFSCSRPO-ABEl-FCm.csv-TfTran,Dy-ABlkBFSCSRPO-ABEl-FCm.csv-TfTran,Dy-ABlkCSRPO-ABEl-FCm.csv-TfTran,Dy-CSRPO-lf.csv-TfTran,Dy-ABlkDFSCSRPO-lf.csv-TfTran,Dy-ABlkBFSCSRPO-lf.csv-TfTran,Dy-ABlkCSRPO-lf.csv-TfTran,Dy-CSRPO-lf-FC.csv-TfTran,Dy-ABlkDFSCSRPO-lf-FC.csv-TfTran,Dy-ABlkBFSCSRPO-lf-FC.csv-TfTran,Dy-ABlkCSRPO-lf-FC.csv-TfTran,Dy-CSRPO-lf-FCm.csv-TfTran,Dy-ABlkDFSCSRPO-lf-FCm.csv-TfTran,Dy-ABlkBFSCSRPO-lf-FCm.csv-TfTran,Dy-ABlkCSRPO-lf-FCm.csv-TfTran,Dy-CSRPO-PredAbs-ABEl.csv-TfTran,Dy-ABlkDFSCSRPO-PredAbs-ABEl.csv-TfTran,Dy-ABlkBFSCSRPO-PredAbs-ABEl.csv-TfTran,Dy-ABlkCSRPO-PredAbs-ABEl.csv-TfTran,Dy-CSRPO-PredAbs-ABElf.csv-TfTran,Dy-ABlkDFSCSRPO-PredAbs-ABElf.csv-TfTran,Dy-ABlkBFSCSRPO-PredAbs-ABElf.csv-TfTran,Dy-ABlkCSRPO-PredAbs-ABElf.csv-TfTran
git/pacc_cpachecker/DyResults/Summary/s3_srvr.blast.14_true-unreach-call.i.cil.c.csv,1.9643,2.0429,2.0186,2.0262,1.7263,1.7382,1.8159,1.7493,1.7684,1.86,1.8288,1.8642,1.9108,1.872,1.8206,1.9049,1.8593,1.8305,1.8179,1.8571,1.6615,1.691,1.6843,1.6517,4.3578,4.5429,4.5246,4.5534,2.9793,3.0138,3.0064,2.9292
git/pacc_cpachecker/DyResults/Summary/s3_srvr.blast.06_false-unreach-call.i.cil.c.csv,0.9454,0.9891,0.9917,0.9954,0.8444,0.9479,0.9028,0.9447,0.8857,0.9253,0.9318,0.9573,0.992,0.9694,0.9343,0.9973,0.9138,0.9078,0.9388,0.9194,0.8721,0.9556,0.896,0.9936,1.201,1.2505,1.1834,1.2288,1.2119,1.2001,1.1867,1.2238
git/pacc_cpachecker/DyResults/Summary/s3_srvr.blast.08_false-unreach-call.i.cil.c.csv,1.2514,1.2706,1.2873,1.2376,1.1707,1.2375,1.1956,1.2287,1.1937,1.2783,1.2166,1.2398,1.2451,1.2687,1.2207,1.2719,1.2085,1.2513,1.281,1.2667,1.2667,1.2731,1.306,1.2939,1.7066,1.7157,1.7594,1.7499,1.8725,1.8761,1.8907,1.9092
git/pacc_cpachecker/DyResults/Summary/s3_srvr.blast.02_true-unreach-call.i.cil.c.csv,1.7547,1.843,1.7934,1.7897,1.5604,1.629,1.5926,1.63288888889,1.65466666667,1.73255555556,1.74844444444,1.6791,1.7484,1.7947,1.78422222222,1.77333333333,1.595375,1.6782,1.6949,1.654,1.6246,1.7139,1.6762,1.724,3.4201,3.5206,3.4676,3.4939,1.9663,1.9748,1.9835,1.9633
git/pacc_cpachecker/DyResults/Summary/s3_srvr.blast.10_false-unreach-call.i.cil.c.csv,1.3195,1.2426,1.2682,1.2686,1.2312,1.2598,1.2791,1.2223,1.189,1.2425,1.2603,1.2035,1.3006,1.274,1.2621,1.2792,1.182,1.2594,1.2704,1.264,1.2034,1.2836,1.264,1.255,1.6522,1.7616,1.7362,1.7452,1.9174,1.998,1.9365,1.9944
git/pacc_cpachecker/DyResults/Summary/parport_true-unreach-call.i.cil.c.csv,2.2341,1.3825,1.3796,1.3322,2.1653,1.2594,1.356,1.3185,2.2482,1.3084,1.3097,1.2802,266.102,1.8512,0.8624,1.1804,2.23255555556,1.5773,0.8185,1.0445,2.94733333333,1.6182,0.7707,1.038,2.3127,1.4319,1.4025,1.3742,3.7095,5.4167,1.0761,1.1428
git/pacc_cpachecker/DyResults/Summary/s3_clnt.blast.01_true-unreach-call.i.cil.c.csv,1.4619,1.4891,1.4447,1.4668,1.3992,1.3803,1.3596,1.3839,1.3869,1.3871,1.4207,1.4402,1.524,1.5525,1.5561,1.5696,1.3883,1.4145,1.3908,1.3732,1.3571,1.3817,1.3842,1.4341,2.323,2.389,2.3498,2.4142,2.6271,2.7171,2.5755,2.6236
git/pacc_cpachecker/DyResults/Summary/s3_clnt.blast.03_false-unreach-call.i.cil.c.csv,0.7632,0.7963,0.7991,0.779,0.8073,0.7822,0.8133,0.7916,0.8104,0.7889,0.7927,0.8071,0.7532,0.7714,0.7667,0.7887,0.8215,0.824,0.8219,0.8102,0.7951,0.7816,0.8053,0.7673,1.028,1.0032,1.0281,1.0301,1.0159,1.0318,1.0341,0.9948
git/pacc_cpachecker/DyResults/Summary/s3_srvr.blast.09_true-unreach-call.i.cil.c.csv,1.831,1.8438,1.8214,1.8171,1.3473,1.3806,1.3814,1.372,1.7349,1.684,1.78722222222,1.7162,1.74066666667,1.7887,1.6609,1.7632,1.5814,1.6114,1.6198,1.6199,1.60866666667,1.6191,1.63377777778,1.6505,3.8096,3.82975,3.823375,3.932,3.7441,3.8762,3.8122,3.8623
git/pacc_cpachecker/DyResults/Summary/s3_clnt.blast.03_true-unreach-call.i.cil.c.csv,1.5562,1.5656,1.5574,1.5674,1.4516,1.4273,1.394,1.4325,1.4204,1.3622,1.3988,1.411,1.7131,1.7483,1.7298,1.7161,1.4855,1.4124,1.3813,1.3889,1.3601,1.4373,1.4322,1.3596,2.1721,2.0928,2.1339,2.1361,2.2836,2.2812,2.2973,2.2934
git/pacc_cpachecker/DyResults/Summary/s3_srvr.blast.01_false-unreach-call.i.cil.c.csv,0.7101,0.7132,0.6926,0.7359,0.678,0.707,0.746,0.6946,0.7364,0.7321,0.734,0.7475,0.7224,0.7158,0.6882,0.7365,0.7011,0.7205,0.7343,0.7249,0.6749,0.6905,0.7301,0.7148,0.8364,0.8332,0.8143,0.813,0.8152,0.8283,0.804,0.8187
git/pacc_cpachecker/DyResults/Summary/s3_clnt.blast.01_false-unreach-call.i.cil.c.csv,0.8801,0.9132,0.9417,0.9444,0.9089,0.9015,0.8847,0.8942,0.8944,0.9281,0.9013,0.8986,0.8956,0.9311,0.9139,0.953,0.896,0.8716,0.9019,0.8967,0.9116,0.8733,0.8831,0.9028,1.2993,1.3132,1.3376,1.3272,1.3173,1.3453,1.3884,1.3851
git/pacc_cpachecker/DyResults/Summary/s3_srvr.blast.08_true-unreach-call.i.cil.c.csv,1.9435,1.921,1.9318,1.924,1.7239,1.75077777778,1.7525,1.7981,1.74944444444,1.7052,1.7607,1.73033333333,1.874,1.9062,1.8311,1.8753,1.7163,1.7315,1.7994,1.7244,1.7128,1.7826,1.733625,1.7639,3.5153,3.599,3.5399,3.6723,4.3901,4.5708,4.4475,4.7154
git/pacc_cpachecker/DyResults/Summary/s3_srvr.blast.12_true-unreach-call.i.cil.c.csv,1.8267,1.7884,1.8461,1.8439,1.746125,1.7933,1.77455555556,1.7899,1.7682,1.8292,1.7991,1.7977,1.764625,1.7419,1.7881,1.7824,1.754,1.7065,1.7223,1.6908,1.6746,1.7551,1.7601,1.7582,3.966,4.0238,4.0114,4.0731,2.4528,2.5317,2.5418,2.5331
git/pacc_cpachecker/DyResults/Summary/s3_srvr.blast.16_false-unreach-call.i.cil.c.csv,0.9851,0.9245,0.9754,0.9596,0.9012,0.974,0.9513,0.9464,0.9024,0.9638,0.94,0.9574,0.9691,0.961,1.0,0.9636,0.9438,0.9399,0.9717,0.9562,0.9392,0.9809,0.9796,0.9877,1.2453,1.2287,1.2552,1.22,1.1939,1.1616,1.2165,1.2333
git/pacc_cpachecker/DyResults/Summary/cdaudio_false-unreach-call.i.cil.c.csv,147.2309,263.8904,266.615666667,264.135888889,145.347,261.024,258.077333333,263.915777778,146.7542,261.7629,262.4674,35.4303,5.1293,6.1293,9.7356,6.3184,4.2855,5.2233,7.60833333333,5.33922222222,4.6274,5.7636,8.7163,5.77033333333,705.52125,264.914571429,263.202,262.602625,5.18566666667,4.818,9.82544444444,6.3592
git/pacc_cpachecker/DyResults/Summary/s3_srvr.blast.16_true-unreach-call.i.cil.c.csv,1.9384,1.9917,2.0197,1.992,1.82211111111,1.8717,1.876,1.86,1.7151,1.7039,1.7008,1.7598,1.7423,1.7565,1.729,1.76411111111,1.7153,1.6888,1.722,1.7879,1.5066,1.5703,1.4783,1.4734,4.1711,4.172,4.2808,4.1614,3.004,3.10033333333,3.0618,3.0306
git/pacc_cpachecker/DyResults/Summary/s3_clnt.blast.02_true-unreach-call.i.cil.c.csv,1.5662,1.5757,1.6015,1.6143,1.3353,1.3061,1.2704,1.352,1.357,1.378,1.3905,1.3582,1.466,1.4315,1.4865,1.5089,1.3972,1.3791,1.4357,1.3653,1.4135,1.445,1.3988,1.383,2.2771,2.3455,2.318,2.3411,2.6345,2.7097,2.7193,2.6601
git/pacc_cpachecker/DyResults/Summary/s3_srvr.blast.11_true-unreach-call.i.cil.c.csv,1.8095,1.7869,1.7864,1.8435,1.734,1.7363,1.6958,1.6571,1.70011111111,1.6811,1.7097,1.6395,1.6274,1.7262,1.7205,1.6958,1.6488,1.5986,1.5929,1.563,1.64155555556,1.561,1.5692,1.5971,3.7765,3.6771,3.8513,3.7207,4.2119,4.3683,4.2554,4.4217
git/pacc_cpachecker/DyResults/Summary/s3_srvr.blast.10_true-unreach-call.i.cil.c.csv,1.8655,1.8745,1.85155555556,1.8689,1.5407,1.5413,1.5575,1.5878,1.7822,1.82,1.82244444444,1.7989,1.7556,1.72966666667,1.8102,1.8261,1.6211,1.71411111111,1.6518,1.661625,1.6429,1.71322222222,1.6708,1.71822222222,1.8373,1.8673,1.891,1.8773,1.8795,1.8366,1.8478,1.854
git/pacc_cpachecker/DyResults/Summary/s3_clnt.blast.04_true-unreach-call.i.cil.c.csv,1.4943,1.5131,1.4698,1.4717,1.4596,1.4176,1.384,1.3824,1.387,1.3729,1.3795,1.4444,1.6763,1.7157,1.7436,1.7398,1.4726,1.38,1.4313,1.3873,1.401,1.3939,1.3691,1.3925,2.3442,2.3524,2.3525,2.3561,1.9721,1.9685,1.9548,1.9702
git/pacc_cpachecker/DyResults/Summary/s3_srvr.blast.07_true-unreach-call.i.cil.c.csv,1.7169,1.819,1.8171,1.7623,1.6858,1.6615,1.5887,1.65422222222,1.6415,1.692,1.6851,1.698,1.7075,1.7699,1.7253,1.755,1.6067,1.5789,1.67311111111,1.6441,1.6851,1.65333333333,1.6657,1.65833333333,2.4995,2.5288,2.4836,2.5235,3.7924,3.7906,3.8123,3.7765
git/pacc_cpachecker/DyResults/Summary/s3_srvr.blast.15_false-unreach-call.i.cil.c.csv,1.3496,1.3327,1.2898,1.2734,1.1776,1.2549,1.2507,1.2399,1.2302,1.2031,1.2741,1.2906,1.3023,1.3034,1.2593,1.3107,1.2754,1.2061,1.2342,1.2561,1.3024,1.2919,1.3053,1.2476,1.6695,1.7424,1.7131,1.6858,1.7804,1.875,1.8698,1.8537
git/pacc_cpachecker/DyResults/Summary/floppy2_true-unreach-call.i.cil.c.csv,34.6996,33.2941,35.8875,33.3794,16.164,25.4706,26.5123,25.4918,16.2561,25.234,26.6297,25.6045,19.7915,27.0049,17.513,34.8646,4.1066,6.0417,3.9828,4.0701,5.2393,6.4896,5.8179,4.9433,25.3724,28.4549,23.8971,22.3061,12.419,10.8127,13.7862,17.7168
git/pacc_cpachecker/DyResults/Summary/s3_srvr.blast.07_false-unreach-call.i.cil.c.csv,0.953,0.9686,0.9066,0.9618,0.9566,0.9738,0.9823,0.9676,0.9148,0.956,0.9408,0.9727,0.9068,0.9536,0.947,0.9042,0.9539,0.9528,0.9459,0.9169,0.9259,0.9239,0.909,0.9832,1.3199,1.3145,1.2939,1.3363,1.3872,1.3242,1.3953,1.4018
git/pacc_cpachecker/DyResults/Summary/floppy_false-unreach-call.i.cil.c.csv,19.9565,17.3703,17.3956,17.437,14.9828,17.5291,17.7118,17.447,15.2514,17.5358,17.939,16.6903,5.5028,1.0447,1.7935,9.4624,3.5926,1.0609,1.7262,4.2034,3.743,1.0659,1.7381,4.2441,16.8462,17.2251,17.5053,17.9698,5.7061,1.1869,3.3301,6.0977
git/pacc_cpachecker/DyResults/Summary/s3_srvr.blast.13_true-unreach-call.i.cil.c.csv,1.5978,1.5548,1.6008,1.6032,1.6123,1.6478,1.6629,1.6532,1.6014,1.5758,1.6345,1.5822,1.7328,1.761,1.7694,1.7372,1.6144,1.5672,1.5989,1.6017,1.6407,1.6213,1.6614,1.6276,2.6175,2.533,2.5572,2.5305,3.9419,3.8394,3.9257,3.9271
git/pacc_cpachecker/DyResults/Summary/s3_srvr.blast.03_false-unreach-call.i.cil.c.csv,0.6606,0.7089,0.6754,0.7022,0.6162,0.7144,0.7285,0.708,0.638,0.6692,0.6787,0.6176,0.7187,0.6992,0.6661,0.6845,0.6439,0.6838,0.6906,0.7012,0.6224,0.7229,0.7254,0.6805,0.7216,0.7335,0.7255,0.7707,0.7494,0.7625,0.7455,0.7585
git/pacc_cpachecker/DyResults/Summary/s3_srvr.blast.01_true-unreach-call.i.cil.c.csv,1.8813,1.9103,1.951,1.9728,1.6145,1.6584,1.7396,1.74,1.7554,1.7402,1.78,1.735,1.8603,1.8704,1.9384,1.9517,1.599,1.6489,1.6907,1.6752,1.6517,1.7635,1.68011111111,1.7486,3.6076,3.6165,3.46,3.543,3.5339,3.5623,3.666,3.5108
git/pacc_cpachecker/DyResults/Summary/s3_srvr.blast.12_false-unreach-call.i.cil.c.csv,0.9611,0.9496,0.9495,0.9193,0.8566,0.9078,0.9163,0.904,0.8567,0.8602,0.9225,0.9041,0.9293,0.9234,0.9101,0.889,0.9154,0.9872,0.9349,0.9153,0.9439,0.8955,0.9433,0.9335,1.1426,1.192,1.2148,1.2076,1.0612,1.1444,1.0872,1.0917
git/pacc_cpachecker/DyResults/Summary/cdaudio_true-unreach-call.i.cil.c.csv,11.5389,12.1226,12.4312,12.3448,11.1527,12.2664,12.4326,12.2214,11.3571,12.3318,12.4802,12.4571,3.2503,3.5429,3.1945,3.5612,2.077,2.2508,2.0081,2.4672,2.1224,2.3032,2.0474,2.4321,12.3171,12.7628,12.9345,12.8793,9.9939,8.3171,9.8026,11.6613
git/pacc_cpachecker/DyResults/Summary/diskperf_false-unreach-call.i.cil.c.csv,4.0162,4.8171,4.8482,4.8326,3.9946,4.8895,4.8626,4.8882,3.9919,4.9351,4.8639,4.8683,5.8967,0.5728,0.6362,7.3102,2.4875,0.5669,0.6223,2.8503,2.5496,0.5774,0.6507,3.5586,4.0708,4.9046,4.9074,4.9514,4.298,1.0931,1.5416,4.4727
git/pacc_cpachecker/DyResults/Summary/s3_srvr.blast.02_false-unreach-call.i.cil.c.csv,0.6749,0.7293,0.6661,0.687,0.6217,0.6676,0.695,0.7268,0.6567,0.705,0.7572,0.6668,0.7377,0.6714,0.6946,0.6947,0.6621,0.6977,0.6964,0.6343,0.6388,0.7378,0.6784,0.6969,0.7408,0.7567,0.7609,0.7678,0.7546,0.746,0.7305,0.7392
git/pacc_cpachecker/DyResults/Summary/s3_clnt.blast.04_false-unreach-call.i.cil.c.csv,0.7657,0.7774,0.7621,0.7786,0.8015,0.7773,0.7788,0.8073,0.8051,0.786,0.8308,0.8344,0.7371,0.7692,0.7781,0.791,0.8201,0.8127,0.7979,0.8109,0.7718,0.8048,0.8134,0.7837,0.973,1.0328,1.0167,1.0071,1.0324,1.0546,1.0469,1.0517
git/pacc_cpachecker/DyResults/Summary/s3_srvr.blast.11_false-unreach-call.i.cil.c.csv,0.8353,0.8331,0.9002,0.805,0.859,0.8822,0.8461,0.8796,0.8294,0.8915,0.8724,0.8689,0.8379,0.8151,0.822,0.8496,0.859,0.8268,0.8523,0.8783,0.8326,0.8533,0.8295,0.8261,1.0987,1.0772,1.1085,1.1215,1.0443,1.0325,1.0098,1.028
git/pacc_cpachecker/DyResults/Summary/parport_false-unreach-call.i.cil.c.csv,2.2894,1.3666,1.3102,1.2908,2.2738,1.2643,1.2801,1.2242,2.2043,1.296,1.2822,1.1904,264.3285,0.5237,0.7805,1.1554,2.3404,0.3532,0.6952,1.0982,2.802,0.3848,0.7178,1.1152,2.3128,1.3845,1.4348,1.3589,3.6378,0.5397,0.9624,1.1796
git/pacc_cpachecker/DyResults/Summary/s3_srvr.blast.06_true-unreach-call.i.cil.c.csv,1.9199,2.0411,1.9682,2.0688,1.8802,1.94811111111,1.8976,1.9614,1.7996,1.8647,1.8866,1.8541,2.1219,2.2044,2.1688,2.2285,1.6119,1.6634,1.6599,1.6545,1.7273,1.695,1.7211,1.7347,5.1489,5.3123,5.029,5.0382,3.7304,3.7856,3.7714,3.7352
git/pacc_cpachecker/DyResults/Summary/kbfiltr_false-unreach-call.i.cil.c.csv,1.8013,1.7783,1.8216,1.79,1.7873,1.7823,1.7765,1.7731,1.7868,1.7946,1.83,1.7804,0.8175,0.7376,0.9617,0.9739,0.6482,0.6586,0.8671,0.8522,0.6533,0.6547,0.7699,0.7764,1.8746,1.815,1.8399,1.8488,1.441,1.2166,2.0467,1.6541
git/pacc_cpachecker/DyResults/Summary/diskperf_true-unreach-call.i.cil.c.csv,5.8331,5.703,5.7079,5.6671,5.5593,5.7053,5.7093,5.696,5.5191,5.7256,5.6109,5.664,6.5759,7.036,5.7188,7.4356,2.6181,3.5236,2.1432,3.0454,2.7063,3.5405,2.1599,3.7026,5.9411,5.7438,5.729,5.8006,7.5794,5.0845,5.0417,6.2237
git/pacc_cpachecker/DyResults/Summary/floppy_true-unreach-call.i.cil.c.csv,24.7683,27.354,27.1005,27.5897,18.5799,22.6075,24.1298,23.8044,19.6663,23.3247,22.826,23.6807,6.8878,6.4009,11.5858,15.7039,4.6671,4.0509,4.4664,4.3101,4.9073,4.2588,4.614,4.4103,20.6159,24.6707,25.9081,25.3186,7.0163,8.5557,8.4904,7.8205
git/pacc_cpachecker/DyResults/Summary/s3_clnt.blast.02_false-unreach-call.i.cil.c.csv,0.7891,0.791,0.7708,0.805,0.7913,0.805,0.7851,0.7667,0.7713,0.8087,0.8119,0.8418,0.7481,0.792,0.772,0.8083,0.8279,0.8163,0.7699,0.8018,0.8189,0.8212,0.7818,0.7945,1.0539,0.9788,1.0656,1.034,0.9791,1.0458,1.0314,1.0452
git/pacc_cpachecker/DyResults/Summary/s3_srvr.blast.04_false-unreach-call.i.cil.c.csv,0.6839,0.7073,0.7549,0.6731,0.6326,0.6452,0.6875,0.7252,0.665,0.7447,0.6975,0.7129,0.7421,0.7327,0.6902,0.7158,0.6589,0.7048,0.69,0.6699,0.6321,0.6735,0.7063,0.6974,0.734,0.7392,0.7616,0.7538,0.7524,0.7301,0.723,0.7419
git/pacc_cpachecker/DyResults/Summary/s3_srvr.blast.15_true-unreach-call.i.cil.c.csv,1.7894,1.7211,1.773,1.8088,1.8143,1.8309,1.8841,1.8482,1.7624,1.9164,1.82477777778,1.8373,1.9807,2.0393,2.0095,2.0292,1.8053,1.7686,1.8495,1.8013,1.8443,1.8875,1.8666,1.8204,4.1318,4.1771,4.334,3.9931,3.9018,4.0036,3.8722,3.8406
git/pacc_cpachecker/DyResults/Summary/s3_srvr.blast.13_false-unreach-call.i.cil.c.csv,0.9055,0.9875,0.9799,0.9579,0.9522,0.9597,0.9458,1.0218,0.9727,0.9989,0.987,0.9793,0.9113,0.9665,0.922,0.9257,0.9174,0.9815,0.9426,0.9353,0.9463,0.9539,0.9831,0.9453,1.211,1.2046,1.244,1.2557,1.2601,1.3011,1.3055,1.2704
git/pacc_cpachecker/DyResults/Summary/s3_srvr.blast.09_false-unreach-call.i.cil.c.csv,0.9255,0.9439,0.9845,0.973,0.9727,0.968,0.9733,0.9495,0.9019,0.9644,0.9799,0.9397,0.8747,0.9028,0.9329,0.8704,0.8949,0.9656,0.9338,0.9627,0.8745,0.911,0.892,0.9061,1.2987,1.2696,1.3241,1.3056,1.2882,1.2783,1.2707,1.2597
git/pacc_cpachecker/DyResults/Summary/s3_srvr.blast.14_false-unreach-call.i.cil.c.csv,0.9885,0.9557,0.9633,0.9536,0.9054,0.9204,0.9337,0.9055,0.8964,0.9194,0.9155,0.9642,0.9743,0.9612,0.9779,0.946,0.9736,0.9135,0.9893,0.9429,0.9605,0.8899,0.9688,0.9491,1.2126,1.2105,1.1925,1.2308,1.2089,1.184,1.1905,1.2123
