Filename,Dy-CSRPO-ABEl-cputime (s),Dy-ABlkDFSCSRPO-ABEl-cputime (s),Dy-ABlkBFSCSRPO-ABEl-cputime (s),Dy-ABlkCSRPO-ABEl-cputime (s),Dy-CSRPO-ABEl-FC-cputime (s),Dy-ABlkDFSCSRPO-ABEl-FC-cputime (s),Dy-ABlkBFSCSRPO-ABEl-FC-cputime (s),Dy-ABlkCSRPO-ABEl-FC-cputime (s),Dy-CSRPO-ABEl-FCm-cputime (s),Dy-ABlkDFSCSRPO-ABEl-FCm-cputime (s),Dy-ABlkBFSCSRPO-ABEl-FCm-cputime (s),Dy-ABlkCSRPO-ABEl-FCm-cputime (s),Dy-CSRPO-lf-cputime (s),Dy-ABlkDFSCSRPO-lf-cputime (s),Dy-ABlkBFSCSRPO-lf-cputime (s),Dy-ABlkCSRPO-lf-cputime (s),Dy-CSRPO-lf-FC-cputime (s),Dy-ABlkDFSCSRPO-lf-FC-cputime (s),Dy-ABlkBFSCSRPO-lf-FC-cputime (s),Dy-ABlkCSRPO-lf-FC-cputime (s),Dy-CSRPO-lf-FCm-cputime (s),Dy-ABlkDFSCSRPO-lf-FCm-cputime (s),Dy-ABlkBFSCSRPO-lf-FCm-cputime (s),Dy-ABlkCSRPO-lf-FCm-cputime (s),Dy-CSRPO-PredAbs-ABEl-cputime (s),Dy-ABlkDFSCSRPO-PredAbs-ABEl-cputime (s),Dy-ABlkBFSCSRPO-PredAbs-ABEl-cputime (s),Dy-ABlkCSRPO-PredAbs-ABEl-cputime (s),Dy-CSRPO-PredAbs-ABElf-cputime (s),Dy-ABlkDFSCSRPO-PredAbs-ABElf-cputime (s),Dy-ABlkBFSCSRPO-PredAbs-ABElf-cputime (s),Dy-ABlkCSRPO-PredAbs-ABElf-cputime (s)
git/pacc_cpachecker/DyResults/Summary/s3_clnt.blast.01_true-unreach-call.i.cil.c.csv,122.642788768,122.724066013,124.100708963,121.852119572,112.048502439,112.17357489,113.796648557,113.017001857,184.349089973,184.707001705,185.761827722,185.959676237,125.310402619,125.854064222,125.595973803,125.707976602,181.934627431,183.052664671,184.347291726,183.46831802,193.554209923,192.341415779,192.346283579,192.151837012,60.8286202874,61.1172993747,61.2448202685,60.6579971512,105.593385739,105.110704346,105.409475314,104.686327814
git/pacc_cpachecker/DyResults/Summary/floppy_false-unreach-call.i.cil.c.csv,238.897653994,29.4958704684,29.7604762913,29.4019317805,149.006960221,29.8860526005,29.9929398591,29.8949098486,153.746252311,29.9816428306,30.1254338913,28.9070327701,49.2923208466,11.0687696089,14.2144558179,50.8109152723,36.6155028679,11.0972544466,14.6287753899,25.3605323427,36.783558849,11.0665156287,14.5193012299,26.1417535413,82.4320999759,29.6275729865,30.3050125218,30.1113961753,49.4753911743,12.8927952296,26.5737347516,37.0009448857
git/pacc_cpachecker/DyResults/Summary/s3_srvr.blast.04_false-unreach-call.i.cil.c.csv,6.6663823309,6.6801405146,6.7092698416,6.7170732646,7.2035681601,7.2741187164,7.2428747632,7.2621387764,7.233748955,7.2738534381,7.3089872582,7.2050558632,6.7833871959,6.7645388982,6.7705403287,6.7394861063,7.237833099,7.3631674605,7.2942773445,7.3076032798,7.2937275442,7.3019818712,7.3349699525,7.3078660409,7.0017850926,7.0457081927,7.0695310288,7.084087655,7.0330517355,7.0685318476,7.1016923519,7.1161559827
git/pacc_cpachecker/DyResults/Summary/s3_srvr.blast.13_true-unreach-call.i.cil.c.csv,1200.0,1200.0,1200.0,1200.0,1200.0,1200.0,1200.0,1200.0,1200.0,1200.0,1200.0,1200.0,1200.0,1200.0,1200.0,1200.0,1200.0,1200.0,1200.0,1200.0,1200.0,1200.0,1200.0,1200.0,30.7710385132,29.9172945715,29.9932503946,29.9540880842,44.6544024857,44.4335372183,44.8066835582,44.5547693788
git/pacc_cpachecker/DyResults/Summary/s3_srvr.blast.09_true-unreach-call.i.cil.c.csv,1200.0,1200.0,1200.0,1200.0,1200.0,1200.0,1200.0,1200.0,1200.0,1200.0,1200.0,1200.0,1200.0,1200.0,1200.0,1200.0,1200.0,1200.0,1200.0,1200.0,1200.0,1200.0,1200.0,1200.0,1200.0,1200.0,1200.0,1200.0,69.7069349135,70.8347789877,70.5592587998,70.456724143
git/pacc_cpachecker/DyResults/Summary/s3_clnt.blast.03_true-unreach-call.i.cil.c.csv,119.088928656,119.632234402,119.820040791,119.559365877,178.494578883,177.507493385,176.776466552,178.184293574,186.155731774,184.771047141,185.525718434,185.383881251,1200.0,1200.0,1200.0,1200.0,143.975884374,145.868063903,145.971895959,147.351674202,141.023236859,142.756366744,143.558141522,142.448631257,24.7694108111,25.0950373629,25.0151199837,25.102428591,24.7411634104,25.3651118121,24.5182740035,24.5964110599
git/pacc_cpachecker/DyResults/Summary/s3_clnt.blast.02_false-unreach-call.i.cil.c.csv,8.9074860267,8.914509193,8.8966683014,8.9039021448,10.3173485176,10.369107486,10.373667236,10.3527131155,9.8284802712,9.7569603624,9.8284089133,9.7925115518,8.5857634731,8.5284308727,8.630666093,8.6103390739,9.916346243,9.9864797596,10.0362165183,10.0636396678,9.8961051424,9.932785236,9.8904586623,9.9545035509,9.6393588715,9.7690928369,9.703420419,9.7460293345,9.4073242908,9.4935757233,9.5479119548,9.4978229886
git/pacc_cpachecker/DyResults/Summary/s3_srvr.blast.08_true-unreach-call.i.cil.c.csv,1200.0,1200.0,1200.0,1200.0,1200.0,1200.0,1200.0,1200.0,1200.0,1200.0,1200.0,1200.0,1200.0,1200.0,1200.0,1200.0,1200.0,1200.0,1200.0,1200.0,1200.0,1200.0,1200.0,1200.0,65.4407779863,65.7186027491,65.255794353,65.2381614452,332.439267117,332.11339673,329.908857603,331.641385463
git/pacc_cpachecker/DyResults/Summary/s3_srvr.blast.02_true-unreach-call.i.cil.c.csv,1200.0,1200.0,1200.0,1200.0,1200.0,1200.0,1200.0,1200.0,1200.0,1200.0,1200.0,1200.0,1200.0,1200.0,1200.0,1200.0,1200.0,1200.0,1200.0,1200.0,1200.0,1200.0,1200.0,1200.0,47.3784747116,47.6530482819,47.9730574948,47.3476746916,23.6312059811,23.9431138056,24.3411293458,24.3308092511
git/pacc_cpachecker/DyResults/Summary/s3_srvr.blast.07_true-unreach-call.i.cil.c.csv,1200.0,1200.0,1200.0,1200.0,1200.0,1200.0,1200.0,1200.0,1200.0,1200.0,1200.0,1200.0,1200.0,1200.0,1200.0,1200.0,1200.0,1200.0,1200.0,1200.0,1200.0,1200.0,1200.0,1200.0,55.5092209341,54.722513681,55.1119093846,55.244908713,96.8395123758,97.9191794631,97.9142528163,97.7702530665
git/pacc_cpachecker/DyResults/Summary/s3_clnt.blast.02_true-unreach-call.i.cil.c.csv,114.819312881,115.216221687,114.818162228,114.833083472,72.2941863935,73.5977346822,73.2967049313,73.4303053523,90.0647684975,90.2391307013,90.4938360032,90.1811414687,130.398486201,132.256362009,132.75461997,133.206790074,132.784343904,131.549644739,131.427353594,131.47103744,114.250101055,115.85630179,115.623061242,116.254163496,34.7841459241,35.3765259537,35.5670302647,35.1926058095,81.8625787733,82.5123843527,81.304827143,82.0277860383
git/pacc_cpachecker/DyResults/Summary/s3_srvr.blast.06_true-unreach-call.i.cil.c.csv,1200.0,1200.0,1200.0,1200.0,1200.0,1200.0,1200.0,1200.0,1200.0,1200.0,1200.0,1200.0,1200.0,1200.0,1200.0,1200.0,1200.0,1200.0,1200.0,1200.0,1200.0,1200.0,1200.0,1200.0,500.893329502,498.879158913,498.693900955,501.064531663,242.144490149,242.516570583,242.070740374,242.625129998
git/pacc_cpachecker/DyResults/Summary/s3_srvr.blast.14_true-unreach-call.i.cil.c.csv,1200.0,1200.0,1200.0,1200.0,1200.0,1200.0,1200.0,1200.0,1200.0,1200.0,1200.0,1200.0,1200.0,1200.0,1200.0,1200.0,1200.0,1200.0,1200.0,1200.0,1200.0,1200.0,1200.0,1200.0,290.094979139,292.482564186,291.459590542,292.573333219,143.808857692,145.022854764,144.166499604,143.83525029
git/pacc_cpachecker/DyResults/Summary/s3_srvr.blast.01_false-unreach-call.i.cil.c.csv,6.7637486141,6.8032545114,6.7559618871,6.8109449779,7.5192087086,7.5950675797,7.5576013795,7.5688226119,7.5307886945,7.5709355965,7.6007008085,7.614551365,6.921239668,6.9776752976,6.9497111949,6.9610702693,7.5577422242,7.666580436,7.5811304764,7.5902899331,7.5574508886,7.6179361812,7.607960858,7.6165809448,7.6690514405,7.7830266534,7.7466679849,7.7128221733,7.7041962872,7.7771583986,7.7971395599,7.8422023155
git/pacc_cpachecker/DyResults/Summary/s3_srvr.blast.06_false-unreach-call.i.cil.c.csv,11.583820143,11.705583414,11.7432737387,11.6303228892,15.023011534,15.0342606643,15.1322931476,15.0699277364,15.3740103084,15.4224298653,15.2922658567,15.386863612,11.7337394827,11.8216624369,11.7872131929,11.6896765697,14.997616444,14.9263562267,14.9104832351,14.9988520277,14.6838154328,14.6733840174,14.8149722383,14.8016969944,11.9238281761,11.9232838343,11.9177328417,11.9621061029,11.7504739546,11.8659061312,11.9028722215,11.9250439821
git/pacc_cpachecker/DyResults/Summary/s3_srvr.blast.16_true-unreach-call.i.cil.c.csv,1200.0,1200.0,1200.0,1200.0,1200.0,1200.0,1200.0,1200.0,1200.0,1200.0,1200.0,1200.0,1200.0,1200.0,1200.0,1200.0,1200.0,1200.0,1200.0,1200.0,1200.0,1200.0,1200.0,1200.0,244.833503665,244.062660381,244.648490383,244.573467375,1200.0,1200.0,1200.0,1200.0
git/pacc_cpachecker/DyResults/Summary/s3_srvr.blast.10_true-unreach-call.i.cil.c.csv,1200.0,1200.0,1200.0,1200.0,1200.0,1200.0,1200.0,1200.0,1200.0,1200.0,1200.0,1200.0,1200.0,1200.0,1200.0,1200.0,1200.0,1200.0,1200.0,1200.0,1200.0,1200.0,1200.0,1200.0,20.3451079555,20.4582135426,20.1838193836,20.4145984068,23.2092374422,23.1245809256,23.090213577,22.864385145
git/pacc_cpachecker/DyResults/Summary/s3_srvr.blast.15_false-unreach-call.i.cil.c.csv,34.1286028208,33.7471954037,34.4077832301,34.3732613337,50.9520888617,49.9202537839,50.3088971881,49.7773509435,53.0948653801,52.9818733657,52.3517374728,53.117733118,34.7103260626,34.2937823381,34.1913367946,34.104758142,61.020587999,61.533759294,61.1227097943,61.8460026367,54.7452187625,55.6839851851,55.3115087498,55.1819877035,23.1911077197,22.6270716096,22.8297887766,23.0991031509,26.7176788488,26.8336466314,26.6299577688,26.9647123075
git/pacc_cpachecker/DyResults/Summary/s3_clnt.blast.04_true-unreach-call.i.cil.c.csv,65.2317016787,64.3944675475,65.351392444,65.5246872888,126.351182252,125.140445309,125.032903973,125.149416982,1200.0,1200.0,1200.0,1200.0,369.100657144,370.972521626,371.283360128,371.917832287,149.034824106,149.696689091,150.529281048,150.620808635,182.772486585,182.873295954,181.866236076,182.842406557,35.13763371,34.8669454018,35.1555368148,35.4654290743,19.0499541572,19.3608957767,19.0165094826,19.3036504679
git/pacc_cpachecker/DyResults/Summary/s3_srvr.blast.09_false-unreach-call.i.cil.c.csv,10.193617331,10.2597763457,10.2404242452,10.2397888485,12.9764655053,12.9619902215,12.9715537965,12.938198254,12.0535655429,12.1079293804,12.1139429235,12.1185712387,10.7431941621,10.7978875466,10.7480824092,10.8715226159,13.3261835972,13.248850626,13.2719180576,13.2340265531,13.2793723098,13.3269134439,13.4208820651,13.2206368521,11.3041409632,11.2903216732,11.4198322003,11.3828905472,12.3404092095,12.3551775621,12.383419424,12.3656824322
git/pacc_cpachecker/DyResults/Summary/cdaudio_true-unreach-call.i.cil.c.csv,25.8876320687,23.7045698677,24.0375517319,23.7579974103,23.2552906128,23.90464799,24.223531667,23.8187665178,23.4773079091,23.9158920213,24.2729345367,24.0647565361,28.3001945117,28.3942222296,28.7580769089,28.9434037206,19.5782642476,18.8826908701,18.1811877789,17.9110251552,19.2204099338,19.6194234068,18.2426290357,18.7452854806,21.5821839577,21.703361966,22.1552048253,21.9045506305,65.4161489432,51.2567669616,55.9075445603,59.270555284
git/pacc_cpachecker/DyResults/Summary/s3_srvr.blast.11_true-unreach-call.i.cil.c.csv,1200.0,1200.0,1200.0,1200.0,1200.0,1200.0,1200.0,1200.0,1200.0,1200.0,1200.0,1200.0,1200.0,1200.0,1200.0,1200.0,1200.0,1200.0,1200.0,1200.0,1200.0,1200.0,1200.0,1200.0,71.3580395841,70.6411701454,71.8162581763,72.3219468352,166.136122177,165.640307961,164.644918042,166.610399826
git/pacc_cpachecker/DyResults/Summary/s3_srvr.blast.07_false-unreach-call.i.cil.c.csv,10.0737995307,10.1661001516,10.1166814078,10.0884036967,12.1471402291,12.1574272376,12.1106727829,12.1565016278,12.133520421,12.1034070247,12.2831334374,12.2108578474,10.3497177647,10.387169928,10.5301186194,10.4882196764,12.0419902054,12.0618132993,12.0450612468,12.220146526,12.2516141545,12.3137353455,12.2938612248,12.2822844399,11.6250804599,11.7604140444,11.676887651,11.6897786163,12.8437638374,12.8717862889,12.9071701158,12.9657271772
git/pacc_cpachecker/DyResults/Summary/cdaudio_false-unreach-call.i.cil.c.csv,1200.0,1200.0,1200.0,1200.0,1200.0,1200.0,1200.0,1200.0,1200.0,1200.0,1200.0,1200.0,1200.0,1200.0,1200.0,1200.0,1200.0,1200.0,1200.0,1200.0,1200.0,1200.0,1200.0,1200.0,1200.0,1200.0,1200.0,1200.0,1200.0,1200.0,1200.0,1200.0
git/pacc_cpachecker/DyResults/Summary/s3_clnt.blast.03_false-unreach-call.i.cil.c.csv,8.5967319414,8.6323475555,8.690036456,8.6787798825,9.8964998288,9.9234365914,9.8940901447,9.9486547931,9.7501189941,9.8540028393,9.8042548031,9.877584785,8.8522220228,8.909328225,8.871537177,8.8504965742,9.9732163624,10.1884655988,10.005907595,10.1045907569,10.0391137121,10.1660388062,10.1165056808,10.1928989979,9.2717421481,9.2986754267,9.2808688467,9.2840113513,9.3842199426,9.5527452835,9.5325375803,9.5028797047
git/pacc_cpachecker/DyResults/Summary/diskperf_true-unreach-call.i.cil.c.csv,9.9223729551,9.754842773,9.7455264033,9.7638195677,9.5603409206,9.7187138982,9.7660387798,9.7522908985,9.5194193484,9.7444393204,9.6636244327,9.6884401585,71.8568381219,59.00642858,51.8277475441,72.108376267,22.8734486238,24.6310877189,14.9961266141,21.8212554094,23.2413813304,24.6331461811,15.0658797865,27.9515034984,10.0883109215,9.9026187575,9.8992053982,9.9551093204,39.4571199435,27.9877471016,28.5049418716,32.102370701
git/pacc_cpachecker/DyResults/Summary/kbfiltr_false-unreach-call.i.cil.c.csv,6.9247328243,6.9576994626,6.9386176526,6.9040946851,6.9384265008,6.9169093108,6.9162438015,6.9738110989,6.9493276179,6.9444019749,7.0242169522,6.9645437526,7.4041201328,7.4776712876,8.1000580243,7.786216538,7.3378010545,7.3082952084,7.7514040236,7.6029947514,7.2703853415,7.2514798007,7.7035293213,7.6094802893,7.0602266637,7.0016943248,6.9928414539,7.0386078598,11.1719474178,9.8186617425,13.3550298123,11.3574772052
git/pacc_cpachecker/DyResults/Summary/s3_srvr.blast.11_false-unreach-call.i.cil.c.csv,8.2359455923,8.1990070961,8.2398898546,8.277550172,9.3128088712,9.3041361883,9.3653297092,9.3169365479,9.3173029415,9.3248905715,9.2653040342,9.279380571,8.3783275338,8.3862905752,8.4655535363,8.4595533502,9.2704042671,9.3225539714,9.3284712711,9.2517889547,9.2292789903,9.2580031117,9.3312824891,9.3000715955,9.223641582,9.305914922,9.320704704,9.3447652697,9.1073649621,9.1160276335,9.0860042135,9.1080461823
git/pacc_cpachecker/DyResults/Summary/s3_clnt.blast.01_false-unreach-call.i.cil.c.csv,10.05977829,10.0079459315,9.988361648,9.9951423826,12.1924020866,12.2634733151,12.073295379,12.1696658473,12.3662991947,12.3831723971,12.2827527176,12.3956950065,10.5692828196,10.0439829625,10.1425956981,10.0595712185,12.6813432568,12.6657114156,12.6834998043,12.6322001758,12.6057955438,12.7189385811,12.8658478436,12.7295381344,12.2791808043,12.3673987405,12.4899374075,12.3956305974,12.5276530647,12.7582993816,12.7619041936,12.8247862646
git/pacc_cpachecker/DyResults/Summary/s3_srvr.blast.02_false-unreach-call.i.cil.c.csv,6.6073235526,6.648467579,6.6276912376,6.6468749154,7.3029746695,7.3296948924,7.3409724817,7.3559258883,7.309274148,7.3248218407,7.3376734737,7.3100597705,6.7372426254,6.6712255077,6.7063045023,6.7213766955,7.3242137437,7.3967472007,7.3583645976,7.3987606143,7.3237044759,7.3718871189,7.3828344527,7.4189805283,7.047568838,7.0479014004,7.0764427814,7.1266936223,6.9722050493,7.0731168386,7.0302358481,7.0081021153
git/pacc_cpachecker/DyResults/Summary/floppy2_true-unreach-call.i.cil.c.csv,315.995266932,252.180238177,258.005395392,249.073402959,44.7916181538,98.0391823397,100.056014562,98.7010509875,45.102149318,96.9893973477,98.4871146768,98.8779316706,444.234807957,460.483436355,254.072568826,542.20568976,41.9836151775,55.6010402892,36.5312053862,37.1092021445,51.8804728814,56.4282941166,50.8460257446,42.1848157887,87.2924026612,75.1100540417,52.973837585,49.8724803568,76.9743771797,73.0548338008,101.092988862,94.2095633116
git/pacc_cpachecker/DyResults/Summary/s3_clnt.blast.04_false-unreach-call.i.cil.c.csv,8.7126087051,8.7531651644,8.8247566716,8.840334881,10.0647205869,10.179114683,10.1501603843,10.0669439688,10.4011055823,10.359309747,10.3625074909,10.2806949739,8.2214759094,8.3296164049,8.3412912872,8.2671498091,10.4534727154,10.4205245083,10.4580201871,10.4332329653,10.2785374685,10.3991061137,10.4055730666,10.340139118,9.7771872154,9.9174333049,9.9585452422,9.8986144841,9.8508230218,9.947101375,9.9287358214,9.9777592416
git/pacc_cpachecker/DyResults/Summary/s3_srvr.blast.15_true-unreach-call.i.cil.c.csv,1200.0,1200.0,1200.0,1200.0,1200.0,1200.0,1200.0,1200.0,1200.0,1200.0,1200.0,1200.0,1200.0,1200.0,1200.0,1200.0,1200.0,1200.0,1200.0,1200.0,1200.0,1200.0,1200.0,1200.0,206.311424035,204.797670216,205.40310021,207.01238655,86.9404751027,87.4146540307,86.5747538579,86.7332872069
git/pacc_cpachecker/DyResults/Summary/s3_srvr.blast.03_false-unreach-call.i.cil.c.csv,6.6747262076,6.7210837855,6.7102656117,6.7300974434,7.2438241233,7.3466673265,7.3252241015,7.2937848096,7.2652054443,7.2888066459,7.3275724989,7.3296915885,6.7759985077,6.8238035918,6.8122238359,6.8442698948,7.2944927591,7.41054079,7.451163156,7.3698157805,7.3510988057,7.4515418886,7.4126811717,7.3826752079,6.9682536306,7.0073499859,7.0742023585,7.0603484376,7.071233451,7.103755922,7.1305200131,7.1533274148
git/pacc_cpachecker/DyResults/Summary/s3_srvr.blast.13_false-unreach-call.i.cil.c.csv,9.9562339309,9.9537012189,9.960652096,9.9446256733,12.5711939011,12.5826262241,12.5455081433,12.5057745094,12.6339923628,12.6742284525,12.6943414113,12.6784405409,10.663226057,10.7456171988,10.6961255967,10.7407715489,12.9798581392,13.1461709514,13.0612996848,13.0123065955,12.9458936016,13.0426855207,13.0984081504,13.1134531963,11.5031063999,11.7110978226,11.5400233625,11.6138881818,11.9924979729,12.0097358488,12.0551327416,12.0776091579
git/pacc_cpachecker/DyResults/Summary/s3_srvr.blast.12_false-unreach-call.i.cil.c.csv,11.4955538473,11.6650201593,11.5592941942,11.5760831604,15.2141142533,15.1960007521,14.9945644633,14.946039528,15.212098254,14.949616905,15.09533753,15.1263816127,11.7467181089,11.8920961667,11.9114543564,11.8752151777,15.0831910223,15.113577993,15.0786613917,14.9370297302,14.7010141079,14.7208642525,14.7006342207,14.6032652455,12.5406053695,12.5679118517,12.486620556,12.5026033125,9.645161505,9.7325963009,9.780257945,9.8486324074
git/pacc_cpachecker/DyResults/Summary/s3_srvr.blast.01_true-unreach-call.i.cil.c.csv,1200.0,1200.0,1200.0,1200.0,1200.0,1200.0,1200.0,1200.0,1200.0,1200.0,1200.0,1200.0,1200.0,1200.0,1200.0,1200.0,1200.0,1200.0,1200.0,1200.0,1200.0,1200.0,1200.0,1200.0,59.509155255,58.8223822793,57.7695560199,57.8892859645,81.8272544119,81.2703795144,81.1719047418,81.1245198319
git/pacc_cpachecker/DyResults/Summary/parport_false-unreach-call.i.cil.c.csv,1600.0,1600.0,1600.0,1600.0,1600.0,1600.0,1600.0,1600.0,1600.0,1600.0,1600.0,1600.0,1200.0,7.0783195847,7.6046930023,1600.0,1200.0,6.8427285117,7.6251716455,1600.0,1200.0,6.799672418,7.7544620866,1600.0,1600.0,1600.0,1600.0,1600.0,1600.0,7.5460009815,8.459888565,1600.0
git/pacc_cpachecker/DyResults/Summary/s3_srvr.blast.16_false-unreach-call.i.cil.c.csv,11.622919228,11.5757942319,11.5983311189,11.6232698909,15.479526555,15.4641775386,15.5800390196,15.5300860024,15.8282345694,15.8046362528,15.7501567241,15.9562497055,11.889404542,11.7700926104,11.8428463111,12.0068676225,15.5211394183,15.3367984182,15.4546981985,15.3376860923,15.916485132,15.7336922236,15.6677783268,15.7406900149,11.4788464194,11.4837329535,11.492371122,11.51546322,11.8208865584,12.0389112469,11.9150737351,11.9859480658
git/pacc_cpachecker/DyResults/Summary/floppy_true-unreach-call.i.cil.c.csv,287.66980148,203.58420227,204.385907754,203.702176701,152.979979283,150.940540582,154.200416168,151.510552465,159.555732497,151.763615447,152.294401643,152.287482934,80.6951714112,61.035414946,66.6340319139,105.597338531,64.0154846529,37.0990195953,32.1791020909,31.983237217,68.4059897685,41.6509152697,32.4595212666,32.7770596881,96.1868397661,88.3697705323,88.5518101737,90.5193756515,91.6082485472,179.436145313,86.8970062511,68.1530554184
git/pacc_cpachecker/DyResults/Summary/parport_true-unreach-call.i.cil.c.csv,1600.0,1600.0,1600.0,1600.0,1600.0,1600.0,1600.0,1600.0,1600.0,1600.0,1600.0,1600.0,1200.0,1600.0,1600.0,1600.0,1200.0,1600.0,1600.0,1600.0,1200.0,1600.0,1600.0,1600.0,1600.0,1600.0,1600.0,1600.0,1600.0,1600.0,1600.0,1600.0
git/pacc_cpachecker/DyResults/Summary/s3_srvr.blast.10_false-unreach-call.i.cil.c.csv,36.9847965716,37.6373322653,36.857864459,36.3632149524,52.2757264209,52.5819540707,53.0041165298,52.2408870938,53.3278678342,53.724471624,53.4017475988,52.7632743418,38.9596372298,39.5269267581,38.9847448661,38.4353197399,57.3752259092,58.282395782,58.171049694,58.253674398,48.0775164672,49.002512907,48.6354577115,49.1933644739,23.9444848947,24.3825786178,24.3784626478,24.3524235482,31.7557354964,32.070897667,31.9676834375,32.0212026839
git/pacc_cpachecker/DyResults/Summary/s3_srvr.blast.14_false-unreach-call.i.cil.c.csv,10.5953766069,10.714573556,10.6994768921,10.7889689668,14.7605662678,14.8097988866,14.7990489944,14.8142738562,14.1570335944,14.1696344451,14.1544904905,14.2575706754,12.124225628,12.1819928046,12.2857513036,12.3157509792,16.1489727223,16.368685845,16.2824182979,16.3874043092,16.3194474907,16.4796348385,16.3941351641,16.4369737502,11.3549866314,11.3111410926,11.2800369226,11.3856519008,11.8740352262,11.914933953,11.8745448988,11.8458328621
git/pacc_cpachecker/DyResults/Summary/diskperf_false-unreach-call.i.cil.c.csv,9.1484333128,11.2315840751,11.314837121,11.2670955158,9.0545398256,11.3026216125,11.2089615546,11.3644607148,9.0160675281,11.3281471353,11.255187461,11.3085030595,49.1101529774,7.06024592,6.787732328,58.5431228609,19.8803688099,7.0294447316,6.8052275707,20.2261109138,20.4138746045,6.9651612033,6.8003625921,25.1000780768,9.2126540816,11.4296626023,11.4729251982,11.4632401524,23.4197232938,9.4224737826,10.4538751673,24.3109648883
git/pacc_cpachecker/DyResults/Summary/s3_srvr.blast.12_true-unreach-call.i.cil.c.csv,1200.0,1200.0,1200.0,1200.0,1200.0,1200.0,1200.0,1200.0,1200.0,1200.0,1200.0,1200.0,1200.0,1200.0,1200.0,1200.0,1200.0,1200.0,1200.0,1200.0,1200.0,1200.0,1200.0,1200.0,201.023041691,200.347150511,200.519572678,201.736448689,91.6709334805,92.126139735,91.6008647964,91.5491856007
git/pacc_cpachecker/DyResults/Summary/s3_srvr.blast.08_false-unreach-call.i.cil.c.csv,31.5165021005,32.5650448424,32.4797815209,32.5255090996,53.2475566818,51.968495495,51.5011224583,51.1616881381,49.6270584983,50.2552763132,49.6554328571,49.547190499,33.0554709333,32.8880405181,32.7753745935,33.0582923513,63.4769927242,63.3598785402,63.212687479,63.4315598726,59.4490037306,59.0504734573,59.8071060021,59.2120150206,24.0541581401,24.1801445171,24.6040038313,24.1891659539,32.3562370048,31.9481090293,31.2372573069,31.8648690718
