tool	CPAchecker 1.4-svn 2f0c683+	CPAchecker 1.4-svn 2f0c683+	CPAchecker 1.4-svn 2f0c683+	CPAchecker 1.4-svn 2f0c683+	CPAchecker 1.4-svn 2f0c683+	CPAchecker 1.4-svn 2f0c683+	CPAchecker 1.4-svn 2f0c683+	CPAchecker 1.4-svn 2f0c683+	CPAchecker 1.4-svn 2f0c683+	CPAchecker 1.4-svn 2f0c683+	CPAchecker 1.4-svn 2f0c683+	CPAchecker 1.4-svn 2f0c683+	CPAchecker 1.4-svn 2f0c683+	CPAchecker 1.4-svn 2f0c683+	CPAchecker 1.4-svn 2f0c683+	CPAchecker 1.4-svn 2f0c683+	CPAchecker 1.4-svn 2f0c683+	CPAchecker 1.4-svn 2f0c683+	CPAchecker 1.4-svn 2f0c683+	CPAchecker 1.4-svn 2f0c683+	CPAchecker 1.4-svn 2f0c683+	CPAchecker 1.4-svn 2f0c683+	CPAchecker 1.4-svn 2f0c683+	CPAchecker 1.4-svn 2f0c683+	CPAchecker 1.4-svn 2f0c683+	CPAchecker 1.4-svn 2f0c683+	CPAchecker 1.4-svn 2f0c683+	CPAchecker 1.4-svn 2f0c683+	CPAchecker 1.4-svn 2f0c683+	CPAchecker 1.4-svn 2f0c683+	CPAchecker 1.4-svn 2f0c683+	CPAchecker 1.4-svn 2f0c683+
run set	Dy-ABlkCSRPO-ABEl-FC	Dy-ABlkCSRPO-ABEl-FC	Dy-ABlkCSRPO-ABEl-FC	Dy-ABlkCSRPO-ABEl-FC	Dy-ABlkCSRPO-ABEl-FCm	Dy-ABlkCSRPO-ABEl-FCm	Dy-ABlkCSRPO-ABEl-FCm	Dy-ABlkCSRPO-ABEl-FCm	Dy-ABlkCSRPO-ABEl	Dy-ABlkCSRPO-ABEl	Dy-ABlkCSRPO-ABEl	Dy-ABlkCSRPO-ABEl	Dy-ABlkCSRPO-PredAbs-ABEl	Dy-ABlkCSRPO-PredAbs-ABEl	Dy-ABlkCSRPO-PredAbs-ABEl	Dy-ABlkCSRPO-PredAbs-ABEl	Dy-ABlkCSRPO-PredAbs-ABElf	Dy-ABlkCSRPO-PredAbs-ABElf	Dy-ABlkCSRPO-PredAbs-ABElf	Dy-ABlkCSRPO-PredAbs-ABElf	Dy-ABlkCSRPO-lf-FC	Dy-ABlkCSRPO-lf-FC	Dy-ABlkCSRPO-lf-FC	Dy-ABlkCSRPO-lf-FC	Dy-ABlkCSRPO-lf-FCm	Dy-ABlkCSRPO-lf-FCm	Dy-ABlkCSRPO-lf-FCm	Dy-ABlkCSRPO-lf-FCm	Dy-ABlkCSRPO-lf	Dy-ABlkCSRPO-lf	Dy-ABlkCSRPO-lf	Dy-ABlkCSRPO-lf
/home/spiral/pacc_cpachecker_trunk/sv-comp/	status	cputime (s)	walltime (s)	memUsage	status	cputime (s)	walltime (s)	memUsage	status	cputime (s)	walltime (s)	memUsage	status	cputime (s)	walltime (s)	memUsage	status	cputime (s)	walltime (s)	memUsage	status	cputime (s)	walltime (s)	memUsage	status	cputime (s)	walltime (s)	memUsage	status	cputime (s)	walltime (s)	memUsage
ntdrivers/cdaudio_false-unreach-call.i.cil.c	TIMEOUT	901.039488237	901.0453854687512	2719653888	TIMEOUT	905.213423511	905.2071427162737	2691104768	TIMEOUT	901.220024599	901.224885317497	2721738752	TIMEOUT	901.48639865	901.5020218938589	3147235328	TIMEOUT	900.900627999	900.913109479472	3019108352	TIMEOUT	901.162065173	901.1742397705093	2677043200	TIMEOUT	902.049544044	902.0509261796251	2710282240	TIMEOUT	902.877600988	902.8814459070563	2735505408
ntdrivers/diskperf_false-unreach-call.i.cil.c	false(reach)	12.133268995	12.15700074378401	319684608	false(reach)	12.020397771	12.044352211989462	329695232	false(reach)	12.16629868	12.190381669439375	294428672	false(reach)	12.040604838	12.058510158210993	331202560	false(reach)	22.899706422	22.918032952584326	552280064	false(reach)	21.041780333	21.070142270997167	496250880	false(reach)	28.027084791	28.04567680694163	560693248	false(reach)	63.33024316	63.35638189595193	1456308224
ntdrivers/floppy_false-unreach-call.i.cil.c	false(reach)	30.475752447	30.497841623611748	720965632	false(reach)	32.183287966	32.206629699096084	765542400	false(reach)	30.275017059	30.29738557431847	689786880	false(reach)	29.853507924	29.866513325832784	692215808	false(reach)	48.632497357	48.64666608348489	1011466240	false(reach)	27.326434626	27.346590975299478	790892544	false(reach)	27.972371827	27.998768478631973	764084224	false(reach)	52.676548244	52.704464732669294	1586364416
ntdrivers/kbfiltr_false-unreach-call.i.cil.c	false(reach)	7.280499734	7.300232660025358	263745536	false(reach)	7.411266396	7.439506613649428	298467328	false(reach)	7.266452058	7.288713302463293	266977280	false(reach)	7.411139511	7.438612638041377	276828160	false(reach)	11.940127511	11.96514258440584	342204416	false(reach)	8.119523361	8.153628280386329	270774272	false(reach)	8.15706628	8.180784037336707	271826944	false(reach)	8.384063803	8.401709995232522	281477120
ntdrivers/parport_false-unreach-call.i.cil.c	ERROR (recursion)	6.578872544	6.595572491176426	194281472	ERROR (recursion)	7.036671898	7.0566420229151845	210726912	ERROR (recursion)	7.105976193	7.131843155249953	202428416	ERROR (recursion)	6.909571613	6.926657900214195	215928832	ERROR (recursion)	8.585901134	8.599429748952389	275382272	ERROR (recursion)	6.943576302	6.961237134411931	206991360	ERROR (recursion)	7.484955766	7.507396406494081	213684224	ERROR (recursion)	7.153879358	7.178870756179094	220782592
ntdrivers/cdaudio_true-unreach-call.i.cil.c	true	26.072566183	26.102286452427506	560005120	true	25.935351351	25.962128814309835	577560576	true	25.183037737	25.196172457188368	540139520	true	19.601404492	19.62554400973022	459878400	true	47.744597951	47.76312511228025	1006764032	true	18.177255122	18.20041226875037	448274432	true	19.874020955	19.886503906920552	480022528	true	31.000301077	31.03268459253013	819015680
ntdrivers/diskperf_true-unreach-call.i.cil.c	true	10.371419712	10.39674415718764	300675072	true	10.352260531	10.373002888634801	296378368	true	10.094162434	10.121842767111957	305545216	true	10.851664272	10.87232865486294	318201856	true	34.592219248	34.62679556384683	787054592	true	23.11701337	23.145021281205118	499367936	true	29.067709075	29.080637082457542	760774656	true	71.845226048	71.86529283877462	1761628160
ntdrivers/floppy2_true-unreach-call.i.cil.c	true	108.007836723	108.03512442484498	2649620480	true	110.432700346	110.45105379261076	2290565120	true	260.716255265	260.7331723123789	2768998400	true	55.774550641	55.80141813028604	1119408128	true	94.483680119	94.50756802409887	2147696640	true	41.297063127	41.322009874507785	739528704	true	50.663041591	50.67576662264764	756830208	true	642.471317949	642.4724489049986	2798530560
ntdrivers/floppy_true-unreach-call.i.cil.c	true	160.617517727	160.63537588249892	2665066496	true	159.368532554	159.38700068369508	2663575552	true	216.954211282	216.97612001467496	2697740288	true	79.086513129	79.10610387008637	1498750976	true	112.337988552	112.34918425045907	1653706752	true	35.073627496	35.0941408444196	881901568	true	36.42112129	36.46298773121089	870105088	true	91.896653789	91.91196894831955	2519457792
ntdrivers/parport_true-unreach-call.i.cil.c	ERROR (recursion)	7.05365005	7.075515794567764	207044608	ERROR (recursion)	6.848068491	6.879390688613057	200847360	ERROR (recursion)	6.603623453	6.620623234659433	196280320	ERROR (recursion)	6.973278865	6.995126191526651	209002496	ERROR (recursion)	8.712854548	8.733027654699981	297689088	ERROR (recursion)	7.091491956	7.1206449922174215	209346560	ERROR (recursion)	7.141068863	7.160501544363797	211234816	ERROR (recursion)	7.192828966	7.215760967694223	223346688
ssh/s3_clnt.blast.01_false-unreach-call.i.cil.c	false(reach)	13.043560256	13.064624975435436	366198784	false(reach)	12.891118657	12.913361022248864	354799616	false(reach)	10.52477122	10.54827359970659	319791104	false(reach)	14.601423344	14.624836364760995	369065984	false(reach)	13.282411782	13.312482881359756	373968896	false(reach)	13.572475893	13.591617547906935	368369664	false(reach)	13.830655967	13.853501103818417	368545792	false(reach)	10.785651945	10.810505748726428	341798912
ssh/s3_clnt.blast.02_false-unreach-call.i.cil.c	false(reach)	11.123042577	11.148446772247553	366030848	false(reach)	10.502704237	10.52928419597447	350625792	false(reach)	9.552748822	9.569652737118304	284524544	false(reach)	10.790791383	10.82122332509607	328134656	false(reach)	10.112598547	10.136695363558829	301699072	false(reach)	10.724185386	10.752681872807443	367742976	false(reach)	10.706562361	10.732584027573466	355319808	false(reach)	9.052570808	9.080748906359076	279506944
ssh/s3_clnt.blast.03_false-unreach-call.i.cil.c	false(reach)	10.461503624	10.4923329167068	354734080	false(reach)	10.481245686	10.506438855081797	353660928	false(reach)	9.342280208	9.37319156806916	289669120	false(reach)	11.105708007	11.128551948815584	295424000	false(reach)	10.197632959	10.224435718730092	287342592	false(reach)	10.627244058	10.656309134326875	354177024	false(reach)	10.714166988	10.72616920992732	370597888	false(reach)	9.50644518	9.536868330091238	295104512
ssh/s3_clnt.blast.04_false-unreach-call.i.cil.c	false(reach)	10.68626663	10.699669416993856	344563712	false(reach)	11.190690177	11.212539370171726	359907328	false(reach)	9.372251814	9.396715731360018	281890816	false(reach)	10.341756329	10.368054115213454	291983360	false(reach)	9.968933022	9.994037587195635	303853568	false(reach)	11.081041821	11.09669868182391	349327360	false(reach)	11.322137086	11.353475401178002	366362624	false(reach)	8.385463479	8.412424859590828	285581312
ssh/s3_srvr.blast.01_false-unreach-call.i.cil.c	false(reach)	8.140678683	8.166669564321637	278855680	false(reach)	8.10066922	8.129168058745563	286056448	false(reach)	7.360872043	7.390252890065312	263032832	false(reach)	7.632549969	7.655998499132693	268533760	false(reach)	7.828989888	7.853982279077172	273276928	false(reach)	8.063549918	8.093064012937248	283107328	false(reach)	8.098817906	8.128476586192846	268595200	false(reach)	7.47952005	7.508874354884028	275234816
ssh/s3_srvr.blast.02_false-unreach-call.i.cil.c	false(reach)	7.860666058	7.88837868347764	297111552	false(reach)	7.788218092	7.80636774469167	272470016	false(reach)	7.033006122	7.0502650719136	269389824	false(reach)	7.55519656	7.581388182006776	289198080	false(reach)	7.60844516	7.636008445173502	300638208	false(reach)	8.016296025	8.033083342947066	286326784	false(reach)	7.785268219	7.812989784404635	269402112	false(reach)	7.05259054	7.078709217719734	266137600
ssh/s3_srvr.blast.03_false-unreach-call.i.cil.c	false(reach)	7.84611475	7.867108264937997	275546112	false(reach)	7.911347849	7.937010824680328	282075136	false(reach)	7.163813613	7.187204769812524	268050432	false(reach)	7.469753174	7.494663376361132	271593472	false(reach)	7.381277301	7.40009733941406	273047552	false(reach)	7.925103437	7.954943222925067	250163200	false(reach)	7.811950461	7.8367984695360065	264069120	false(reach)	7.273908914	7.294716440141201	267460608
ssh/s3_srvr.blast.04_false-unreach-call.i.cil.c	false(reach)	7.673705683	7.7005246402695775	279797760	false(reach)	7.784663846	7.812302945181727	272842752	false(reach)	7.106618838	7.132183766923845	272232448	false(reach)	7.579230059	7.6000900734215975	286035968	false(reach)	7.555080875	7.5862864488735795	274558976	false(reach)	7.856360052	7.869350830093026	281767936	false(reach)	7.654952959	7.692921283654869	278659072	false(reach)	7.297310917	7.324197830632329	266866688
ssh/s3_srvr.blast.06_false-unreach-call.i.cil.c	false(reach)	15.935582932	15.960931028239429	397799424	false(reach)	16.203977487	16.21834963839501	452894720	false(reach)	12.737469725	12.760946943424642	359284736	false(reach)	12.463043799	12.479361053556204	359632896	false(reach)	13.120325183	13.14139520842582	358182912	false(reach)	16.6580549	16.676042081788182	478990336	false(reach)	15.262773937	15.276162297464907	485715968	false(reach)	12.15929849	12.192908817902207	362741760
ssh/s3_srvr.blast.07_false-unreach-call.i.cil.c	false(reach)	12.864884244	12.888677046634257	377548800	false(reach)	12.972875286	13.001752124167979	408887296	false(reach)	10.793142763	10.81725344620645	359092224	false(reach)	12.642976513	12.665137955918908	364531712	false(reach)	13.26239359	13.283303038217127	381747200	false(reach)	13.057079283	13.082532132975757	369446912	false(reach)	13.208572178	13.236289055086672	416796672	false(reach)	11.3865293	11.405719230882823	371601408
ssh/s3_srvr.blast.08_false-unreach-call.i.cil.c	false(reach)	56.331764214	56.352826645597816	1292554240	false(reach)	53.867891475	53.884210892021656	1226629120	false(reach)	34.544663629	34.56707771215588	1094184960	false(reach)	22.472627849	22.49294191878289	464154624	false(reach)	31.111837619	31.134455915540457	690454528	false(reach)	67.618360449	67.63960607722402	1434992640	false(reach)	63.734828766	63.757090215571225	1437999104	false(reach)	34.836647889	34.8629741165787	1117351936
ssh/s3_srvr.blast.09_false-unreach-call.i.cil.c	false(reach)	14.056042978	14.079701585695148	358719488	false(reach)	12.942160536	12.974973152391613	369446912	false(reach)	11.011489836	11.031261773779988	363294720	false(reach)	13.19853336	13.222746443003416	365002752	false(reach)	13.434689165	13.459349319338799	369827840	false(reach)	13.998958821	14.023417501710355	378957824	false(reach)	14.320389673	14.353717436082661	409137152	false(reach)	11.271172916	11.299579077400267	365953024
ssh/s3_srvr.blast.10_false-unreach-call.i.cil.c	false(reach)	57.039403749	57.05268708895892	1296089088	false(reach)	57.457792375	57.491646913811564	1215254528	false(reach)	40.686640764	40.715906109660864	1256689664	false(reach)	30.425167244	30.445969977416098	723075072	false(reach)	27.152365806	27.173947692848742	770617344	false(reach)	60.398251591	60.42689555324614	1221939200	false(reach)	52.845989187	52.870617034845054	1178267648	false(reach)	41.843660226	41.86416855454445	1473175552
ssh/s3_srvr.blast.11_false-unreach-call.i.cil.c	false(reach)	10.073910091	10.106056513264775	274661376	false(reach)	10.134976413	10.155728803947568	294195200	false(reach)	8.775907598	8.800880630500615	288419840	false(reach)	8.772257941	8.79258671682328	281669632	false(reach)	9.750240878	9.780958564952016	309702656	false(reach)	9.848364735	9.867921297438443	281624576	false(reach)	9.845125941	9.868164539337158	292794368	false(reach)	8.898303707	8.932940257713199	280309760
ssh/s3_srvr.blast.12_false-unreach-call.i.cil.c	false(reach)	15.731630105	15.751885033212602	466804736	false(reach)	15.864020924	15.881670714356005	439947264	false(reach)	12.11009625	12.127369824796915	356970496	false(reach)	13.377244432	13.409026411361992	377454592	false(reach)	11.534862001	11.552989475429058	307421184	false(reach)	16.470796744	16.509380149655044	451125248	false(reach)	15.580721439	15.605339918285608	475004928	false(reach)	12.76522509	12.782855663448572	402726912
ssh/s3_srvr.blast.13_false-unreach-call.i.cil.c	false(reach)	13.828748578	13.846181367523968	382070784	false(reach)	13.371650369	13.389637464657426	384049152	false(reach)	10.754295312	10.796772283501923	367271936	false(reach)	11.831380453	11.87477046996355	348647424	false(reach)	13.524408464	13.547070256434381	358465536	false(reach)	13.896785475	13.917355319485068	378118144	false(reach)	13.903827204	13.925178658217192	396607488	false(reach)	11.554831925	11.580707068555057	356904960
ssh/s3_srvr.blast.14_false-unreach-call.i.cil.c	false(reach)	15.630713881	15.657754763029516	441155584	false(reach)	15.041915725	15.057254414074123	442667008	false(reach)	11.283585069	11.307258107699454	343633920	false(reach)	12.628188659	12.639517457224429	351944704	false(reach)	13.227131284	13.2410982940346	367050752	false(reach)	17.561186449	17.58160221669823	455901184	false(reach)	17.507233688	17.52548273652792	464928768	false(reach)	13.135532794	13.15367819648236	473362432
ssh/s3_srvr.blast.15_false-unreach-call.i.cil.c	false(reach)	53.239114156	53.26329462323338	1329807360	false(reach)	56.034726786	56.05124796368182	1400102912	false(reach)	37.209081001	37.222887018695474	1075412992	false(reach)	24.541708533	24.55737914144993	568684544	false(reach)	36.184689311	36.20703765936196	815054848	false(reach)	67.193115351	67.21671879012138	1558695936	false(reach)	58.854191753	58.86817122157663	1336922112	false(reach)	38.963977096	38.98693972360343	1160314880
ssh/s3_srvr.blast.16_false-unreach-call.i.cil.c	false(reach)	17.061005921	17.079745010472834	447881216	false(reach)	16.967617897	16.995847110636532	422809600	false(reach)	12.668047195	12.698774525895715	444080128	false(reach)	13.18398089	13.19811543263495	383803392	false(reach)	12.121037625	12.135692517273128	367804416	false(reach)	16.465092704	16.487886851653457	462913536	false(reach)	16.546023935	16.563480021432042	487768064	false(reach)	12.377248111	12.399346462450922	434688000
ssh/s3_clnt.blast.01_true-unreach-call.i.cil.c	true	121.145676274	121.1626991359517	1930674176	true	206.301547361	206.31835721619427	2666205184	true	133.156284756	133.18263400532305	2625114112	true	30.500242026	30.52013876941055	643170304	true	84.291055931	84.311323848553	1287278592	true	195.18347876	195.20287066698074	2630979584	true	207.343340344	207.3523833025247	2651713536	true	133.679132879	133.68946822732687	2636156928
ssh/s3_clnt.blast.02_true-unreach-call.i.cil.c	true	79.642562368	79.66932470817119	1662128128	true	97.421109736	97.44674994051456	2183557120	true	126.621563069	126.64426928199828	2634907648	true	44.341147015	44.379960981197655	1057173504	true	149.825709351	149.84498111065477	2689703936	true	141.883221286	141.9079260714352	2613981184	true	125.081862883	125.10334092378616	2603098112	true	146.815889324	146.83196922019124	2639134720
ssh/s3_clnt.blast.03_true-unreach-call.i.cil.c	true	189.304457027	189.32512648031116	2620485632	true	200.211303942	200.2320815110579	2663206912	true	133.515019821	133.5324345342815	2640007168	true	33.201883661	33.22770594898611	553730048	true	34.582743145	34.61077983863652	815718400	true	155.139153982	155.1639856658876	2639745024	true	156.373222555	156.40275781881064	2635526144	TIMEOUT	901.023186655	901.0191230271012	2826747904
ssh/s3_clnt.blast.04_true-unreach-call.i.cil.c	true	131.906373807	131.9288917304948	2591764480	TIMEOUT	901.048626645	901.0662451377138	2689527808	true	72.385579619	72.4103832738474	2176036864	true	31.280038932	31.305031729862094	886624256	true	24.253787533	24.31398137845099	635813888	true	158.997979139	159.02354939095676	2621145088	true	196.063317524	196.08727927785367	2631114752	true	414.371733653	414.39952092804015	2708598784
ssh/s3_srvr.blast.01_true-unreach-call.i.cil.c	TIMEOUT	901.033637732	901.0277238925919	2691309568	TIMEOUT	901.068313609	901.0716351866722	2752106496	TIMEOUT	901.021576768	901.0179233727977	2846523392	true	166.99730219	167.0124191455543	1961902080	true	85.785354778	85.80104423128068	1921720320	TIMEOUT	901.055594735	901.0582912210375	2718232576	TIMEOUT	901.061385223	901.0553155411035	2774327296	TIMEOUT	901.07071995	901.0694351745769	2825310208
ssh/s3_srvr.blast.02_true-unreach-call.i.cil.c	TIMEOUT	902.572073146	902.5746537614614	2722975744	TIMEOUT	904.460067813	904.4628088073805	2763087872	TIMEOUT	901.064870406	901.0672106733546	2788085760	true	49.997174098	50.01043699774891	868012032	true	40.677270792	40.70815809071064	735244288	TIMEOUT	901.06978565	901.0771789411083	2718076928	TIMEOUT	901.058270645	901.0682793110609	2770989056	TIMEOUT	901.06202243	901.0736204637215	2797232128
ssh/s3_srvr.blast.06_true-unreach-call.i.cil.c	TIMEOUT	902.067031584	902.0659402683377	2809618432	TIMEOUT	901.03356225	901.0372551875189	2773721088	TIMEOUT	901.059470702	901.0548707125708	2765139968	TIMEOUT	901.048056247	901.042135910131	2917064704	true	218.496013642	218.50945056322962	2699739136	TIMEOUT	901.043683294	901.0426505869254	2672570368	TIMEOUT	901.051946564	901.0532457204536	2654576640	TIMEOUT	901.165278055	901.1700947675854	2823434240
ssh/s3_srvr.blast.07_true-unreach-call.i.cil.c	TIMEOUT	901.068870569	901.0670253420249	2758217728	TIMEOUT	901.035700164	901.0378796905279	2823835648	TIMEOUT	901.001528528	901.0023110127077	2728689664	true	123.086268339	123.09664553310722	1509433344	true	117.631970196	117.6472801277414	1598656512	TIMEOUT	901.073542039	901.078833879903	2732601344	TIMEOUT	901.056970605	901.0590724302456	2762170368	TIMEOUT	901.152970732	901.1553027862683	2768506880
ssh/s3_srvr.blast.08_true-unreach-call.i.cil.c	TIMEOUT	901.06612008	901.06947218813	2712956928	TIMEOUT	902.098836457	902.1195042552426	2768662528	TIMEOUT	901.783391313	901.792484626174	2807410688	true	58.711549061	58.73285334929824	1430986752	true	165.673190256	165.68802326638252	2743668736	TIMEOUT	901.072517446	901.0886193215847	2737668096	TIMEOUT	901.06947372	901.0709724407643	2755084288	TIMEOUT	901.725241863	901.7451643822715	2881994752
ssh/s3_srvr.blast.09_true-unreach-call.i.cil.c	TIMEOUT	901.044631888	901.0460150567815	2636750848	TIMEOUT	901.070881912	901.0783084118739	2831020032	TIMEOUT	901.198510818	901.2074403306469	2884227072	true	73.970433218	73.99228425323963	1138069504	true	74.835612526	74.87219162285328	1294356480	TIMEOUT	901.06873436	901.0704181250185	2731405312	TIMEOUT	905.079871506	905.0872338721529	2754154496	TIMEOUT	901.363341906	901.3619090132415	2834509824
ssh/s3_srvr.blast.10_true-unreach-call.i.cil.c	TIMEOUT	901.066175462	901.0723399203271	2669699072	TIMEOUT	901.128067055	901.1314659621567	2724409344	TIMEOUT	901.053053728	901.0589740434662	2809044992	true	32.63031389	32.64768062252551	855810048	true	29.336106632	29.37089672498405	642236416	TIMEOUT	901.914481115	901.9159406237304	2738524160	TIMEOUT	901.070326784	901.0838593263179	2790195200	TIMEOUT	901.149111201	901.1430695606396	2779836416
ssh/s3_srvr.blast.11_true-unreach-call.i.cil.c	TIMEOUT	901.092684504	901.1088590007275	2840100864	TIMEOUT	903.040279881	903.0429468099028	2786914304	TIMEOUT	901.050744754	901.0551007343456	2864791552	true	62.655555537	62.67137639876455	1025572864	TIMEOUT	901.076828284	901.0766801601276	3022807040	TIMEOUT	901.047290397	901.0517536699772	2739634176	TIMEOUT	901.596143142	901.6005783136934	2762575872	TIMEOUT	905.531217492	905.5470934435725	2785013760
ssh/s3_srvr.blast.12_true-unreach-call.i.cil.c	TIMEOUT	901.157968489	901.152385388501	2789793792	TIMEOUT	901.077498721	901.0731689343229	2749743104	TIMEOUT	901.031640922	901.0361702805385	2798096384	true	91.41390238	91.4376531559974	2136199168	true	98.223309424	98.24703512247652	2117861376	TIMEOUT	903.481977085	903.4824743065983	2770743296	TIMEOUT	901.057916639	901.0515103163198	2790047744	TIMEOUT	901.49845443	901.5020030336455	2861522944
ssh/s3_srvr.blast.13_true-unreach-call.i.cil.c	TIMEOUT	901.065898231	901.066059208475	2787823616	TIMEOUT	901.040417022	901.0460660560057	2714910720	TIMEOUT	901.019782783	901.0192998126149	2699935744	true	84.753530919	84.77108226157725	1023369216	true	25.518739214	25.531288873404264	530677760	TIMEOUT	901.085033224	901.0909605221823	2739195904	TIMEOUT	901.494378239	901.4950284576043	2758234112	TIMEOUT	902.887087877	902.8896614229307	2795442176
ssh/s3_srvr.blast.14_true-unreach-call.i.cil.c	TIMEOUT	901.054915543	901.058994715102	2759356416	TIMEOUT	901.064967757	901.0693451976404	2797182976	TIMEOUT	901.048891685	901.0572254229337	2880086016	true	230.385215583	230.40612664446235	2711609344	true	129.474022162	129.51086062565446	2645323776	TIMEOUT	901.073173282	901.0711863506585	2731028480	TIMEOUT	901.061219748	901.0649724062532	2677501952	TIMEOUT	901.040361619	901.0373324928805	2815758336
ssh/s3_srvr.blast.15_true-unreach-call.i.cil.c	TIMEOUT	901.049238104	901.048192543909	2726428672	TIMEOUT	901.053132916	901.0269129388034	2813214720	TIMEOUT	901.055449405	901.0671103391796	2670657536	true	128.361444776	128.38139556255192	2715279360	true	100.172973863	100.19896225072443	2677301248	TIMEOUT	904.018003659	904.0194210335612	2744397824	TIMEOUT	901.071224454	901.0780829777941	2794586112	TIMEOUT	901.064725047	901.0701173432171	2806763520
ssh/s3_srvr.blast.16_true-unreach-call.i.cil.c	TIMEOUT	902.252462848	902.2586793508381	2774933504	TIMEOUT	901.048873039	901.0404191510752	2647138304	TIMEOUT	901.017988682	901.0131082134321	2766893056	true	369.14541296	369.14997855760157	2777698304	true	212.592666188	212.6141251605004	2717745152	TIMEOUT	901.063828354	901.0693261120468	2724401152	TIMEOUT	901.067845883	901.0747448392212	2649944064	TIMEOUT	901.03899562	901.0395108228549	2647666688
