tool	CPAchecker 1.4-svn 6d6ca45+	CPAchecker 1.4-svn 6d6ca45+	CPAchecker 1.4-svn 6d6ca45+	CPAchecker 1.4-svn 6d6ca45+	CPAchecker 1.4-svn 6d6ca45+	CPAchecker 1.4-svn 6d6ca45+	CPAchecker 1.4-svn 6d6ca45+	CPAchecker 1.4-svn 6d6ca45+	CPAchecker 1.4-svn 6d6ca45+	CPAchecker 1.4-svn 6d6ca45+	CPAchecker 1.4-svn 6d6ca45+	CPAchecker 1.4-svn 6d6ca45+	CPAchecker 1.4-svn 6d6ca45+	CPAchecker 1.4-svn 6d6ca45+	CPAchecker 1.4-svn 6d6ca45+	CPAchecker 1.4-svn 6d6ca45+	CPAchecker 1.4-svn 6d6ca45+	CPAchecker 1.4-svn 6d6ca45+	CPAchecker 1.4-svn 6d6ca45+	CPAchecker 1.4-svn 6d6ca45+	CPAchecker 1.4-svn 6d6ca45+	CPAchecker 1.4-svn 6d6ca45+	CPAchecker 1.4-svn 6d6ca45+	CPAchecker 1.4-svn 6d6ca45+	CPAchecker 1.4-svn 6d6ca45+	CPAchecker 1.4-svn 6d6ca45+	CPAchecker 1.4-svn 6d6ca45+	CPAchecker 1.4-svn 6d6ca45+	CPAchecker 1.4-svn 6d6ca45+	CPAchecker 1.4-svn 6d6ca45+	CPAchecker 1.4-svn 6d6ca45+	CPAchecker 1.4-svn 6d6ca45+
run set	Dy-CSRPO-ABEl-FC	Dy-CSRPO-ABEl-FC	Dy-CSRPO-ABEl-FC	Dy-CSRPO-ABEl-FC	Dy-CSRPO-ABEl-FCm	Dy-CSRPO-ABEl-FCm	Dy-CSRPO-ABEl-FCm	Dy-CSRPO-ABEl-FCm	Dy-CSRPO-ABEl	Dy-CSRPO-ABEl	Dy-CSRPO-ABEl	Dy-CSRPO-ABEl	Dy-CSRPO-PredAbs-ABEl	Dy-CSRPO-PredAbs-ABEl	Dy-CSRPO-PredAbs-ABEl	Dy-CSRPO-PredAbs-ABEl	Dy-CSRPO-PredAbs-ABElf	Dy-CSRPO-PredAbs-ABElf	Dy-CSRPO-PredAbs-ABElf	Dy-CSRPO-PredAbs-ABElf	Dy-CSRPO-lf-FC	Dy-CSRPO-lf-FC	Dy-CSRPO-lf-FC	Dy-CSRPO-lf-FC	Dy-CSRPO-lf-FCm	Dy-CSRPO-lf-FCm	Dy-CSRPO-lf-FCm	Dy-CSRPO-lf-FCm	Dy-CSRPO-lf	Dy-CSRPO-lf	Dy-CSRPO-lf	Dy-CSRPO-lf
sv-comp/	status	cputime (s)	walltime (s)	memUsage	status	cputime (s)	walltime (s)	memUsage	status	cputime (s)	walltime (s)	memUsage	status	cputime (s)	walltime (s)	memUsage	status	cputime (s)	walltime (s)	memUsage	status	cputime (s)	walltime (s)	memUsage	status	cputime (s)	walltime (s)	memUsage	status	cputime (s)	walltime (s)	memUsage
ntdrivers/cdaudio_false-unreach-call.i.cil.c	TIMEOUT	901.097210117	901.0551406890154	2696781824	TIMEOUT	901.044955442	900.980886218138	2705727488	TIMEOUT	900.87706628	900.9534841571003	2711633920	TIMEOUT	901.030387836	901.0638157143258	3305521152	TIMEOUT	900.694534059	900.6535857263952	2923180032	TIMEOUT	901.308262985	901.3158799358644	2686251008	TIMEOUT	902.028208245	901.9780172682367	2694496256	TIMEOUT	906.995253935	906.9211266017519	2717126656
ntdrivers/diskperf_false-unreach-call.i.cil.c	false(reach)	9.090872749	9.11192281357944	273465344	false(reach)	8.680404613	8.707054016180336	290357248	false(reach)	8.991134182	9.007145524024963	271138816	false(reach)	9.171659144	9.19499442121014	294871040	false(reach)	22.995223751	23.018167104106396	569647104	false(reach)	19.539188514	19.565798800904304	468865024	false(reach)	20.063114686	20.085965094622225	459292672	false(reach)	48.160980538	48.174809555057436	1012285440
ntdrivers/floppy_false-unreach-call.i.cil.c	false(reach)	150.35406799	150.37756607495248	2666459136	false(reach)	151.304443194	151.3002205020748	2656591872	false(reach)	243.648119435	243.6544306310825	2733207552	false(reach)	82.908241602	82.92498290492222	2444992512	false(reach)	51.002227148	51.01583351241425	1328627712	false(reach)	36.3686532	36.40234021982178	1232777216	false(reach)	36.874340665	36.8987470776774	1461604352	false(reach)	48.555197493	48.58136016409844	2003771392
ntdrivers/kbfiltr_false-unreach-call.i.cil.c	false(reach)	6.898813505	6.913227455690503	269066240	false(reach)	6.990692255	7.00884467177093	270102528	false(reach)	6.941829821	6.977521430701017	288817152	false(reach)	6.993249086	7.024851594120264	284192768	false(reach)	11.303903362	11.32535742269829	354955264	false(reach)	7.433043685	7.460448546800762	273002496	false(reach)	7.345130813	7.380233565811068	273973248	false(reach)	7.48332816	7.511276549194008	272158720
ntdrivers/parport_false-unreach-call.i.cil.c	ERROR (recursion)	8.458253343	8.479973447043449	241401856	ERROR (recursion)	8.162606013	8.194400777108967	235446272	ERROR (recursion)	8.112549984	8.132068946957588	245592064	ERROR (recursion)	8.133276622	8.160014433786273	247238656	ERROR (recursion)	13.535044193	13.557962227612734	423362560	TIMEOUT	901.000347824	900.9363881177269	2676760576	TIMEOUT	901.128270364	901.0638813492842	2713657344	TIMEOUT	990.802292837	990.9868716876954	7765889024
ntdrivers/cdaudio_true-unreach-call.i.cil.c	true	24.002538522	24.018980795983225	489488384	true	22.821631724	22.84633457288146	547774464	true	24.944833158	24.978374623227865	593018880	true	21.868836737	21.884875601157546	474038272	true	66.693633166	66.71443260274827	1417183232	true	20.374816512	20.402682410087436	529526784	true	19.307729466	19.327643977943808	461848576	true	28.597436027	33.146946031134576	800247808
ntdrivers/diskperf_true-unreach-call.i.cil.c	true	9.616295547	9.632752056233585	298414080	true	9.457713684	9.480448494665325	292253696	true	9.878029537	9.904866768047214	298434560	true	9.971471236	9.995766943786293	291250176	true	40.239323423	40.26648771902546	931074048	true	22.57432911	22.604683548677713	523837440	true	23.477027914	23.50167097710073	493096960	true	70.683857495	70.7129021040164	1704914944
ntdrivers/floppy2_true-unreach-call.i.cil.c	true	44.399038629	44.417074204888195	1072558080	true	42.759812017	42.78063819091767	1228742656	true	323.865360722	323.85638352297246	2840186880	true	87.360363578	87.3662852421403	2595061760	true	77.724050723	77.73443331196904	1484779520	true	42.866375083	42.88762562116608	697933824	true	54.127370917	54.14632248599082	805867520	true	446.652024122	446.6247229319997	2804297728
ntdrivers/floppy_true-unreach-call.i.cil.c	true	151.105873191	151.1252762870863	2661953536	true	158.204165846	158.20432979799807	2684436480	true	287.535948547	287.52276048390195	2705305600	true	91.587820872	91.60480804508552	2622005248	true	87.904357798	87.92084841104224	2346360832	true	70.92281973	70.93694832688197	2514829312	true	70.16870505	70.18023324292153	1961193472	true	80.973288168	81.00397443771362	2599686144
ntdrivers/parport_true-unreach-call.i.cil.c	ERROR (recursion)	7.777623922	7.807536776177585	233381888	ERROR (recursion)	8.394572716	8.419951886404306	253542400	ERROR (recursion)	8.293801435	8.31984995258972	251330560	ERROR (recursion)	8.34512192	8.375090767629445	259371008	ERROR (recursion)	13.069192178	13.097944883164018	435564544	TIMEOUT	901.046070128	900.9761111969128	2691198976	TIMEOUT	901.121095977	901.0524658109061	2692149248	TIMEOUT	909.949540769	909.8883829209954	7725764608
ssh/s3_clnt.blast.01_false-unreach-call.i.cil.c	false(reach)	12.066700853	12.096525853965431	360357888	false(reach)	12.378675174	12.405174714047462	389378048	false(reach)	9.930757997	9.953754586633295	346566656	false(reach)	12.299836419	12.333187488373369	368369664	false(reach)	12.561997555	12.58440999686718	369340416	false(reach)	12.749561353	12.76801652694121	365789184	false(reach)	13.018184064	13.032055197283626	379232256	false(reach)	10.338963764	10.450306838843971	353628160
ssh/s3_clnt.blast.02_false-unreach-call.i.cil.c	false(reach)	10.237060637	10.252739750780165	295108608	false(reach)	9.807805755	9.828360805753618	362377216	false(reach)	8.808177347	8.829887419007719	278052864	false(reach)	9.473078364	9.504315436817706	284688384	false(reach)	9.333664946	9.360400694888085	297807872	false(reach)	9.762668442	9.793206536211073	362954752	false(reach)	9.872898846	9.904489611741155	345497600	false(reach)	8.563336614	8.601039845030755	295481344
ssh/s3_clnt.blast.03_false-unreach-call.i.cil.c	false(reach)	9.998511323	10.032983107026666	351924224	false(reach)	9.892237265	9.921683885157108	378269696	false(reach)	8.682586605	8.704283082857728	283029504	false(reach)	9.383979487	9.406675595790148	302387200	false(reach)	9.54515304	9.580641879234463	293163008	false(reach)	9.845875665	9.876616020686924	369053696	false(reach)	9.934517718	9.965417549014091	374427648	false(reach)	8.874990484	8.910126443952322	285020160
ssh/s3_clnt.blast.04_false-unreach-call.i.cil.c	false(reach)	9.978815391	10.006093439646065	361320448	false(reach)	10.565957726	10.592836930882186	359362560	false(reach)	8.732076733	8.752630223054439	285020160	false(reach)	9.753378222	9.767539362888783	296366080	false(reach)	9.898808124	9.921687616966665	291504128	false(reach)	10.266172194	10.293377100955695	362336256	false(reach)	10.361902061	10.39620802225545	375283712	false(reach)	8.180729541	8.210670872125775	281047040
ssh/s3_srvr.blast.01_false-unreach-call.i.cil.c	false(reach)	7.170680981	7.200428357813507	244477952	false(reach)	7.501582084	7.527017540764064	277504000	false(reach)	6.732918995	6.764453405048698	262606848	false(reach)	7.781706547	7.8041080720722675	276955136	false(reach)	7.739280062	7.768805836327374	287735808	false(reach)	7.61969566	7.6374140260741115	281968640	false(reach)	7.642028293	7.664164901245385	286310400	false(reach)	6.764717885	6.803917456883937	294887424
ssh/s3_srvr.blast.02_false-unreach-call.i.cil.c	false(reach)	7.405910651	7.4250522796064615	276504576	false(reach)	7.19064914	7.217902124859393	283209728	false(reach)	6.541612178	6.568339325953275	262778880	false(reach)	7.060507246	7.074199602007866	293179392	false(reach)	7.028032976	7.049484474118799	281231360	false(reach)	7.304317759	7.32431770209223	270704640	false(reach)	7.358588093	7.384363803081214	262828032	false(reach)	6.651077383	6.674726602155715	264441856
ssh/s3_srvr.blast.03_false-unreach-call.i.cil.c	false(reach)	7.14732013	7.164511537179351	278614016	false(reach)	7.264072943	7.284380350727588	273358848	false(reach)	6.652712178	6.676784867886454	268681216	false(reach)	6.977445161	6.999830776359886	310525952	false(reach)	7.166480671	7.19225911796093	290033664	false(reach)	7.271887743	7.296460893936455	257130496	false(reach)	7.387002814	7.413276489358395	285032448	false(reach)	6.777680407	6.808385578915477	267423744
ssh/s3_srvr.blast.04_false-unreach-call.i.cil.c	false(reach)	7.265714737	7.296492418739945	272580608	false(reach)	7.166456065	7.188722697086632	270659584	false(reach)	6.600367556	6.613434833008796	270233600	false(reach)	7.090690915	7.112634286284447	277635072	false(reach)	6.905315052	6.931947158649564	268947456	false(reach)	7.281996476	7.311881177127361	279252992	false(reach)	7.262953996	7.275055245030671	272965632	false(reach)	6.755640458	6.77294420497492	268279808
ssh/s3_srvr.blast.06_false-unreach-call.i.cil.c	false(reach)	15.099600537	15.125474745873362	448573440	false(reach)	15.199946235	15.225652928929776	476426240	false(reach)	11.296579765	11.313252423889935	359866368	false(reach)	11.862799051	11.87687478819862	355844096	false(reach)	11.803388752	11.825364883989096	368340992	false(reach)	15.296150354	15.321201835758984	453906432	false(reach)	14.615341034	14.637680761981755	433369088	false(reach)	11.741883358	11.755895361769944	361914368
ssh/s3_srvr.blast.07_false-unreach-call.i.cil.c	false(reach)	11.866732655	11.8944520233199	390115328	false(reach)	12.271519307	12.294679748825729	424509440	false(reach)	10.102603865	10.121247015427798	364326912	false(reach)	11.56509113	11.582518783863634	363155456	false(reach)	12.958933098	12.984915379900485	365387776	false(reach)	12.049785834	12.069155546836555	417390592	false(reach)	11.898818045	11.92102128174156	396079104	false(reach)	10.339849205	10.360899929888546	355942400
ssh/s3_srvr.blast.08_false-unreach-call.i.cil.c	false(reach)	52.949577161	52.97104888083413	1292525568	false(reach)	51.289355537	51.30661370838061	1122963456	false(reach)	30.912453516	30.934866758994758	1153376256	false(reach)	24.513386296	24.537509146612138	527257600	false(reach)	32.513530495	32.5287011153996	829743104	false(reach)	61.103728041	61.115834976080805	1640222720	false(reach)	61.401969818	61.41916566295549	1338441728	false(reach)	32.133895603	32.15246809599921	1068343296
ssh/s3_srvr.blast.09_false-unreach-call.i.cil.c	false(reach)	13.066653903	13.084077400155365	397451264	false(reach)	12.082395103	12.093848946969956	396541952	false(reach)	10.143736122	10.169276474043727	381071360	false(reach)	11.291279144	11.307624999433756	349683712	false(reach)	12.228211479	12.251460140105337	375037952	false(reach)	13.398769196	13.418974899221212	377139200	false(reach)	13.10683684	13.130803875159472	377270272	false(reach)	10.719987509	10.74110032664612	356892672
ssh/s3_srvr.blast.10_false-unreach-call.i.cil.c	false(reach)	52.341512094	52.355563684832305	1283072000	false(reach)	53.093249968	53.10757950600237	1245212672	false(reach)	36.469576386	36.485126432962716	1402032128	false(reach)	24.040228413	24.06173406681046	561324032	false(reach)	32.146793603	32.17007813602686	922882048	false(reach)	56.49681205	56.51934576127678	1312608256	false(reach)	46.90022964	46.92616337817162	1122525184	false(reach)	40.760228473	40.7895302628167	1396703232
ssh/s3_srvr.blast.11_false-unreach-call.i.cil.c	false(reach)	9.27799965	9.299671590793878	298635264	false(reach)	9.249273855	9.274515194818377	295694336	false(reach)	8.227381315	8.253039489965886	293380096	false(reach)	9.203531075	9.229136870708317	297418752	false(reach)	9.037821583	9.06020019389689	293122048	false(reach)	9.154467231	9.182897832244635	287461376	false(reach)	9.197490332	9.212567645125091	278261760	false(reach)	8.24902009	8.276545410044491	281522176
ssh/s3_srvr.blast.12_false-unreach-call.i.cil.c	false(reach)	15.11548442	15.14550362015143	467656704	false(reach)	15.652132192	15.685426773969084	446033920	false(reach)	11.344379883	11.368785730097443	354795520	false(reach)	12.586296128	12.619520234875381	380153856	false(reach)	9.681830451	9.704744888003916	298094592	false(reach)	14.77203675	14.78899766691029	559251456	false(reach)	14.818439561	14.837000903207809	446255104	false(reach)	11.475656908	11.50095937680453	373006336
ssh/s3_srvr.blast.13_false-unreach-call.i.cil.c	false(reach)	12.64523846	12.6664132992737	400789504	false(reach)	12.588434028	12.612668515648693	372011008	false(reach)	9.858253236	9.881601817905903	350756864	false(reach)	11.607586962	11.637804792728275	371884032	false(reach)	11.928191247	11.95040998281911	339734528	false(reach)	13.058478738	13.089421981945634	408936448	false(reach)	12.94795298	12.974624490831047	411459584	false(reach)	10.682183927	10.703473781235516	366972928
ssh/s3_srvr.blast.14_false-unreach-call.i.cil.c	false(reach)	15.088280852	15.121901887003332	479776768	false(reach)	13.78444249	13.805444925557822	399708160	false(reach)	10.548220461	10.563230100087821	367996928	false(reach)	11.300160669	11.331075266003609	357326848	false(reach)	11.78758289	11.808952542953193	360853504	false(reach)	16.223604406	16.25341816712171	488239104	false(reach)	16.01425285	16.029053755104542	454348800	false(reach)	11.896986431	11.921243909746408	511000576
ssh/s3_srvr.blast.15_false-unreach-call.i.cil.c	false(reach)	51.055766537	51.07545527908951	1361645568	false(reach)	54.514705169	54.53569382475689	1396752384	false(reach)	32.060802732	32.07439730595797	1059729408	false(reach)	23.833115024	23.85334686283022	559509504	false(reach)	29.108391489	29.137850865721703	638357504	false(reach)	63.130892114	63.14684352092445	1513140224	false(reach)	55.823953691	55.84719687793404	1516609536	false(reach)	34.946231312	34.97841438930482	1122959360
ssh/s3_srvr.blast.16_false-unreach-call.i.cil.c	false(reach)	15.384376197	15.407202702946961	468262912	false(reach)	15.870127848	15.888732396066189	501043200	false(reach)	11.446561541	11.469445539172739	356392960	false(reach)	11.478463705	11.505058735143393	362512384	false(reach)	11.887204069	11.916521834209561	320483328	false(reach)	15.406582999	15.43450326193124	531914752	false(reach)	15.21762022	15.235806178301573	479768576	false(reach)	11.61765505	11.653229661285877	414429184
ssh/s3_clnt.blast.01_true-unreach-call.i.cil.c	true	112.489215831	112.51222845399752	1888882688	true	190.65275924	190.66606982098892	2665070592	true	121.345778336	121.35338757000864	2635132928	true	59.870577206	59.89212146215141	1594916864	true	104.69429992	104.70898378500715	1520889856	true	183.028823236	183.0449229539372	2615934976	true	194.543888075	194.54477179190144	2617221120	true	127.485562736	127.50664397934452	2639126528
ssh/s3_clnt.blast.02_true-unreach-call.i.cil.c	true	74.219625297	74.24502224475145	1655345152	true	91.297744468	91.30505145527422	2040504320	true	114.22811456	114.23445706395432	2637094912	true	34.478751839	34.49219215894118	923746304	true	82.346130258	82.36706307483837	2074693632	true	133.372952721	133.38834005687386	2441535488	true	114.947981836	114.95866710040718	2629595136	true	130.510381095	130.5144255706109	2637357056
ssh/s3_clnt.blast.03_true-unreach-call.i.cil.c	true	177.859199898	177.86708507081494	2652958720	true	183.287893868	183.2880931161344	2638188544	true	118.640710627	118.65088924812153	2634326016	true	25.176799348	25.205992698669434	534147072	true	26.144516743	26.16667598672211	480485376	true	140.403682258	140.4141914579086	2602639360	true	142.663781981	142.67808433575556	2595868672	TIMEOUT	901.10498219	901.0308951837942	2841178112
ssh/s3_clnt.blast.04_true-unreach-call.i.cil.c	true	124.37181858	124.39041343005374	2369277952	TIMEOUT	901.004706487	900.9290695828386	2694647808	true	67.164042361	67.17820181325078	2155909120	true	34.446706512	34.47469435213134	873701376	true	18.994177903	19.012880474794656	515608576	true	147.042263438	147.0530740399845	2539614208	true	183.261396507	183.27439998323098	2638225408	true	371.08621312	371.07498559542	2702258176
ssh/s3_srvr.blast.01_true-unreach-call.i.cil.c	TIMEOUT	901.002897636	900.9292952059768	2704687104	TIMEOUT	900.999834983	900.949173044879	2756251648	TIMEOUT	901.202499446	901.1176648642868	2845327360	true	56.961601267	56.97128503769636	1412382720	true	82.265451553	82.27507080789655	1888948224	TIMEOUT	900.98520992	900.9093022220768	2715824128	TIMEOUT	901.969971261	901.8981647589244	2777649152	TIMEOUT	907.973458196	907.9124256521463	2847182848
ssh/s3_srvr.blast.02_true-unreach-call.i.cil.c	TIMEOUT	902.141173579	902.0771042057313	2760286208	TIMEOUT	901.05600468	901.0044405478984	2823634944	TIMEOUT	900.681326814	900.611895729322	2774257664	true	50.0804925	50.09749499009922	713281536	true	23.297250756	23.310069725848734	700219392	TIMEOUT	901.048114356	900.9726030048914	2701938688	TIMEOUT	901.039799633	900.9744634809904	2784210944	TIMEOUT	901.039742707	900.9687924920581	2766745600
ssh/s3_srvr.blast.06_true-unreach-call.i.cil.c	TIMEOUT	901.005446733	900.9178223861381	2731872256	TIMEOUT	901.034883838	900.950953448657	2800881664	TIMEOUT	901.021374532	900.955535850022	2739269632	true	502.050858557	502.0252212230116	2906533888	true	239.978279074	239.98297787131742	2751750144	TIMEOUT	900.968732061	900.8960558609106	2660802560	TIMEOUT	901.04374715	900.9781278101727	2696175616	TIMEOUT	903.312518899	903.2425114084035	2904903680
ssh/s3_srvr.blast.07_true-unreach-call.i.cil.c	TIMEOUT	900.980032537	900.8990432969294	2856177664	TIMEOUT	901.036475285	900.9785441881977	2771562496	TIMEOUT	900.978576359	900.9129743976519	2741772288	true	55.044862561	55.0642852820456	904015872	true	97.048985545	97.05569524830207	1767886848	TIMEOUT	902.699839546	902.6317053176463	2749190144	TIMEOUT	901.156817112	901.0839360519312	2775711744	TIMEOUT	901.028958748	900.9663928989321	2837016576
ssh/s3_srvr.blast.08_true-unreach-call.i.cil.c	TIMEOUT	902.912727945	902.8495899611153	2767298560	TIMEOUT	901.083579425	901.0143086602911	2728472576	TIMEOUT	900.986092764	900.9266065252014	2816770048	true	65.274602097	65.29017734574154	1302900736	true	325.862869482	325.84520230814815	2782347264	TIMEOUT	901.08231234	901.0241098632105	2734616576	TIMEOUT	901.524152051	901.466406673193	2755084288	TIMEOUT	901.304124129	901.2383133550175	2897022976
ssh/s3_srvr.blast.09_true-unreach-call.i.cil.c	TIMEOUT	901.003203031	900.9531162269413	2606043136	TIMEOUT	901.127806415	901.0626240940765	2831863808	TIMEOUT	901.066728424	901.0112069998868	2902896640	TIMEOUT	901.060395023	900.9942715591751	2348621824	true	70.974576166	70.99187284102663	1335107584	TIMEOUT	901.468434052	901.4226984861307	2747981824	TIMEOUT	901.696827907	901.6372382370755	2860535808	TIMEOUT	901.895799721	901.8335622400045	2845736960
ssh/s3_srvr.blast.10_true-unreach-call.i.cil.c	TIMEOUT	901.025423807	900.9585398621857	2697936896	TIMEOUT	901.534290503	901.4769304580986	2772717568	TIMEOUT	907.829758629	907.7487988807261	2820550656	true	20.375197368	20.39825991773978	564994048	true	24.166869115	24.18030241271481	699752448	TIMEOUT	901.115399626	901.0445508682169	2699747328	TIMEOUT	901.31098673	901.2561676222831	2867200000	TIMEOUT	902.211803378	902.1515714209527	2819526656
ssh/s3_srvr.blast.11_true-unreach-call.i.cil.c	TIMEOUT	901.029494729	900.9663851461373	2843107328	TIMEOUT	901.073494418	901.0139675247483	2802905088	TIMEOUT	901.055697843	900.9788904702291	2877341696	true	71.545917971	71.56743735913187	1242726400	true	164.655946951	164.6650538840331	2030800896	TIMEOUT	902.675416034	902.5878215250559	2799394816	TIMEOUT	901.231084695	901.1733607696369	2801561600	TIMEOUT	901.130756571	901.0650454456918	2856595456
ssh/s3_srvr.blast.12_true-unreach-call.i.cil.c	TIMEOUT	901.072501963	900.999568128027	2827132928	TIMEOUT	903.732980036	903.6753751067445	2755883008	TIMEOUT	900.992965977	900.9177027628757	2792841216	true	202.100084013	202.09681645035744	2368663552	true	93.847885897	93.86149860778823	2162991104	TIMEOUT	904.919236127	904.8556783422828	2787971072	TIMEOUT	901.110883485	901.0567945549265	2774208512	TIMEOUT	901.645757753	901.5793505059555	2900172800
ssh/s3_srvr.blast.13_true-unreach-call.i.cil.c	TIMEOUT	901.031311633	900.9823353919201	2776571904	TIMEOUT	901.022088041	900.9672158202156	2730872832	TIMEOUT	901.012616544	900.9469525120221	2690183168	true	31.904115251	31.92361565725878	514416640	true	47.002899304	47.02165529085323	701022208	TIMEOUT	901.007567945	900.9494215101004	2755244032	TIMEOUT	900.992487136	900.924951530993	2783506432	TIMEOUT	902.01096857	901.9528851560317	2814636032
ssh/s3_srvr.blast.14_true-unreach-call.i.cil.c	TIMEOUT	901.042855957	900.977145053912	2753277952	TIMEOUT	902.14628391	902.0882877968252	2793381888	TIMEOUT	901.032562922	900.9643296450377	2869772288	true	290.180488892	290.18164621526375	2765418496	true	143.626121538	143.63751432159916	2680717312	TIMEOUT	900.974418393	900.9412675020285	2726948864	TIMEOUT	901.024116091	900.9241810347885	2648895488	TIMEOUT	902.711188458	902.6368740997277	2830426112
ssh/s3_srvr.blast.15_true-unreach-call.i.cil.c	TIMEOUT	901.055252341	900.9854203467257	2752000000	TIMEOUT	901.01937888	900.9386885478161	2790322176	TIMEOUT	900.976150098	900.8854003320448	2662035456	true	205.764536452	205.77424253616482	2648162304	true	88.083586846	88.08856241079047	2311176192	TIMEOUT	902.274266245	902.2010804140009	2757316608	TIMEOUT	902.002457462	901.9328121067956	2764079104	TIMEOUT	901.033887523	900.9567580539733	2863775744
ssh/s3_srvr.blast.16_true-unreach-call.i.cil.c	TIMEOUT	901.035537988	900.9543769918382	2761895936	TIMEOUT	901.011199992	900.9296482438222	2627919872	TIMEOUT	901.000583511	900.9160073441453	2782121984	true	247.499634174	247.49210450612009	2751098880	TIMEOUT	901.02843139	900.9595029219054	3091812352	TIMEOUT	901.000212588	900.9216193049215	2717478912	TIMEOUT	901.010015555	900.9672220009379	2588561408	TIMEOUT	900.996024612	900.9212879091501	2663616512
